log_id,problem_id,user_id,is_correct,attempts,score,submit_time
12659672_976057,Pm_976057,U_12659672,1,1,,2020-10-30 23:15:21
12659672_976058,Pm_976058,U_12659672,0,1,,2020-10-30 23:16:18
12659672_976059,Pm_976059,U_12659672,0,1,,2020-10-30 23:17:34
12659672_976060,Pm_976060,U_12659672,1,1,,2020-10-31 11:44:55
12659672_976061,Pm_976061,U_12659672,1,1,,2020-11-01 06:25:05
12659672_976062,Pm_976062,U_12659672,0,1,,2020-11-01 06:25:20
12659672_976063,Pm_976063,U_12659672,0,1,,2020-11-01 06:26:01
12659672_976064,Pm_976064,U_12659672,1,1,,2020-11-01 06:27:49
14392312_1209648,Pm_1209648,U_14392312,0,1,0.0,2020-07-19 15:44:19
14392312_1209649,Pm_1209649,U_14392312,0,1,0.0,2020-07-19 15:44:37
14392312_1209650,Pm_1209650,U_14392312,0,1,0.0,2020-07-19 15:44:50
14392312_1209651,Pm_1209651,U_14392312,0,1,0.0,2020-07-19 15:45:00
14392312_1209652,Pm_1209652,U_14392312,0,1,0.0,2020-07-19 15:45:26
14424233_738095,Pm_738095,U_14424233,1,1,1.0,2020-05-18 00:29:17
14424233_738096,Pm_738096,U_14424233,1,1,1.0,2020-05-18 00:29:20
14424233_738097,Pm_738097,U_14424233,1,1,1.0,2020-05-18 00:29:23
14424233_738098,Pm_738098,U_14424233,1,1,1.0,2020-05-18 00:29:26
14424233_738099,Pm_738099,U_14424233,1,1,1.0,2020-05-18 00:31:07
14424233_738100,Pm_738100,U_14424233,1,1,1.0,2020-05-18 00:31:10
14424233_738101,Pm_738101,U_14424233,1,1,1.0,2020-05-18 00:31:13
14424233_738102,Pm_738102,U_14424233,1,1,1.0,2020-05-18 00:31:16
14424233_738103,Pm_738103,U_14424233,1,1,1.0,2020-05-18 00:31:23
14424233_738104,Pm_738104,U_14424233,1,1,1.0,2020-05-18 00:31:26
14424233_738105,Pm_738105,U_14424233,1,1,1.0,2020-05-18 00:31:29
14424233_738106,Pm_738106,U_14424233,1,1,2.0,2020-05-18 00:31:33
14424233_738107,Pm_738107,U_14424233,1,1,2.0,2020-05-18 00:31:37
14424233_738108,Pm_738108,U_14424233,1,1,1.0,2020-05-18 00:32:38
14424233_738109,Pm_738109,U_14424233,1,1,1.0,2020-05-18 00:32:42
14424233_738110,Pm_738110,U_14424233,1,1,1.0,2020-05-18 00:32:46
14424233_738111,Pm_738111,U_14424233,1,1,1.0,2020-05-18 00:32:49
14424233_738112,Pm_738112,U_14424233,1,1,1.0,2020-05-18 00:32:52
14424233_738113,Pm_738113,U_14424233,1,1,1.0,2020-05-18 00:32:55
14424233_738114,Pm_738114,U_14424233,1,1,1.0,2020-05-18 00:32:58
14424233_738115,Pm_738115,U_14424233,1,1,1.0,2020-05-18 00:33:02
14424233_738116,Pm_738116,U_14424233,1,1,2.0,2020-05-18 00:33:06
14424233_738117,Pm_738117,U_14424233,1,1,2.0,2020-05-18 00:33:10
14424233_738118,Pm_738118,U_14424233,1,1,2.0,2020-05-18 00:33:15
14424233_738119,Pm_738119,U_14424233,1,1,2.0,2020-05-18 00:33:18
14424233_738120,Pm_738120,U_14424233,1,1,2.0,2020-05-18 00:33:22
14424233_738121,Pm_738121,U_14424233,1,1,1.0,2020-05-18 00:34:20
14424233_738122,Pm_738122,U_14424233,1,1,1.0,2020-05-18 00:34:23
14424233_738123,Pm_738123,U_14424233,1,1,1.0,2020-05-18 00:34:25
14424233_738124,Pm_738124,U_14424233,1,1,1.0,2020-05-18 00:34:28
14424233_738125,Pm_738125,U_14424233,1,1,1.0,2020-05-18 00:34:30
14424233_738126,Pm_738126,U_14424233,1,1,2.0,2020-05-18 00:34:33
14424233_738127,Pm_738127,U_14424233,1,1,2.0,2020-05-18 00:34:36
14424233_738128,Pm_738128,U_14424233,1,1,2.0,2020-05-18 00:34:41
14424233_738129,Pm_738129,U_14424233,1,1,2.0,2020-05-18 00:34:52
14424233_738130,Pm_738130,U_14424233,1,1,1.0,2020-05-18 00:35:02
14424233_738131,Pm_738131,U_14424233,1,1,1.0,2020-05-18 00:35:05
14424233_738132,Pm_738132,U_14424233,1,1,2.0,2020-05-18 00:35:08
14424233_738133,Pm_738133,U_14424233,1,1,2.0,2020-05-18 00:35:11
14424233_738134,Pm_738134,U_14424233,1,1,2.0,2020-05-18 00:35:15
14424233_738135,Pm_738135,U_14424233,1,1,1.0,2020-05-18 00:37:24
14424233_738136,Pm_738136,U_14424233,1,1,1.0,2020-05-18 00:37:27
14424233_738137,Pm_738137,U_14424233,1,1,2.0,2020-05-18 00:37:31
14424233_738138,Pm_738138,U_14424233,1,1,2.0,2020-05-18 00:37:41
14424233_738139,Pm_738139,U_14424233,1,1,1.0,2020-05-18 00:37:44
14424233_738140,Pm_738140,U_14424233,1,1,1.0,2020-05-18 00:37:47
14424233_738141,Pm_738141,U_14424233,1,1,2.0,2020-05-18 00:37:50
14424233_738142,Pm_738142,U_14424233,1,1,2.0,2020-05-18 00:37:53
14424233_738143,Pm_738143,U_14424233,1,1,2.0,2020-05-18 00:38:01
14424233_738144,Pm_738144,U_14424233,1,1,2.0,2020-05-18 00:38:08
14424233_738145,Pm_738145,U_14424233,1,1,2.0,2020-05-18 00:38:11
14424233_738146,Pm_738146,U_14424233,1,1,2.0,2020-05-18 00:38:14
14424233_738147,Pm_738147,U_14424233,1,1,1.0,2020-05-18 00:38:29
14424233_738148,Pm_738148,U_14424233,1,1,1.0,2020-05-18 00:38:32
14424233_738149,Pm_738149,U_14424233,1,1,1.0,2020-05-18 00:38:35
14424233_738150,Pm_738150,U_14424233,1,1,1.0,2020-05-18 00:38:37
14424233_738151,Pm_738151,U_14424233,1,1,1.0,2020-05-18 00:38:40
14424233_738152,Pm_738152,U_14424233,1,1,1.0,2020-05-18 00:38:43
14424233_738153,Pm_738153,U_14424233,1,1,1.0,2020-05-18 00:38:46
14424233_738154,Pm_738154,U_14424233,1,1,1.0,2020-05-18 00:38:48
14424233_738155,Pm_738155,U_14424233,1,1,1.0,2020-05-18 00:38:51
14424233_738156,Pm_738156,U_14424233,1,1,2.0,2020-05-18 00:38:55
14424233_738157,Pm_738157,U_14424233,1,1,2.0,2020-05-18 00:39:00
14424233_738158,Pm_738158,U_14424233,1,1,2.0,2020-05-18 00:39:04
14504720_146588,Pm_146588,U_14504720,1,1,1.0,2020-06-19 08:31:48
14504720_146589,Pm_146589,U_14504720,1,1,2.0,2020-06-19 08:32:37
14504720_146590,Pm_146590,U_14504720,0,1,0.0,2020-06-19 08:34:36
14504720_146591,Pm_146591,U_14504720,0,1,0.0,2020-06-19 08:35:36
14776653_189414,Pm_189414,U_14776653,1,1,1.0,2020-09-14 23:17:39
14776653_189415,Pm_189415,U_14776653,1,1,1.0,2020-09-14 23:17:57
14776653_189416,Pm_189416,U_14776653,1,1,1.0,2020-09-14 23:18:07
14776653_189417,Pm_189417,U_14776653,1,1,1.0,2020-09-14 23:18:16
14956092_146588,Pm_146588,U_14956092,1,1,1.0,2020-05-21 07:05:42
14956092_146589,Pm_146589,U_14956092,1,1,2.0,2020-05-21 07:05:59
14956092_146590,Pm_146590,U_14956092,1,1,2.0,2020-05-21 07:06:17
14956092_146591,Pm_146591,U_14956092,0,1,0.0,2020-05-21 07:06:36
14956092_146592,Pm_146592,U_14956092,1,1,2.0,2020-05-21 07:07:04
14956092_146593,Pm_146593,U_14956092,0,1,0.0,2020-05-21 07:07:28
14956092_146594,Pm_146594,U_14956092,1,1,2.0,2020-05-21 07:07:58
14956092_146595,Pm_146595,U_14956092,1,1,2.0,2020-05-21 07:08:15
14956092_146596,Pm_146596,U_14956092,1,1,2.0,2020-05-21 07:08:29
14956092_146597,Pm_146597,U_14956092,1,1,2.0,2020-05-21 07:08:40
14956092_146598,Pm_146598,U_14956092,0,1,0.0,2020-05-21 07:08:59
14956092_146599,Pm_146599,U_14956092,1,1,1.0,2020-05-21 07:09:29
14956092_146600,Pm_146600,U_14956092,1,1,1.0,2020-05-21 07:09:54
14956092_146601,Pm_146601,U_14956092,1,1,1.0,2020-05-21 07:10:00
14956092_146604,Pm_146604,U_14956092,0,1,0.0,2020-05-21 22:08:09
14956092_146605,Pm_146605,U_14956092,1,1,1.0,2020-05-21 22:08:19
14956092_146606,Pm_146606,U_14956092,1,1,1.0,2020-05-21 22:08:29
14956092_146607,Pm_146607,U_14956092,1,1,2.0,2020-05-21 22:08:51
14956092_146608,Pm_146608,U_14956092,0,1,0.0,2020-05-21 22:09:56
14956092_146609,Pm_146609,U_14956092,0,1,0.0,2020-05-21 22:10:19
14956092_146610,Pm_146610,U_14956092,0,1,0.0,2020-05-21 22:10:55
14956092_146611,Pm_146611,U_14956092,1,1,1.0,2020-05-21 22:11:22
14956092_146612,Pm_146612,U_14956092,1,1,1.0,2020-05-21 22:11:52
14956092_146613,Pm_146613,U_14956092,1,1,1.0,2020-05-21 22:12:03
14956092_146614,Pm_146614,U_14956092,1,1,1.0,2020-05-21 22:12:53
14956092_146615,Pm_146615,U_14956092,1,1,2.0,2020-05-21 22:13:43
14956092_146616,Pm_146616,U_14956092,0,1,0.0,2020-05-21 22:14:00
14956092_146617,Pm_146617,U_14956092,1,1,2.0,2020-05-21 22:14:36
14956092_146618,Pm_146618,U_14956092,1,1,2.0,2020-05-21 22:14:57
14956092_146619,Pm_146619,U_14956092,0,1,0.0,2020-05-21 22:16:01
14956092_146620,Pm_146620,U_14956092,0,1,0.0,2020-05-21 22:22:55
14956092_146621,Pm_146621,U_14956092,1,1,1.0,2020-05-21 22:23:36
14956092_146622,Pm_146622,U_14956092,1,1,2.0,2020-05-21 22:23:54
14956092_146623,Pm_146623,U_14956092,0,1,0.0,2020-05-21 22:24:13
14956092_146624,Pm_146624,U_14956092,1,1,2.0,2020-05-21 22:25:03
14956092_146625,Pm_146625,U_14956092,1,1,2.0,2020-05-21 22:37:50
14956092_146626,Pm_146626,U_14956092,0,1,0.0,2020-05-21 22:39:24
14956092_146627,Pm_146627,U_14956092,0,1,0.0,2020-05-21 22:42:22
14956092_146628,Pm_146628,U_14956092,1,1,2.0,2020-05-21 22:43:33
14956092_146630,Pm_146630,U_14956092,1,1,2.0,2020-05-21 22:43:49
14956092_146631,Pm_146631,U_14956092,1,1,1.0,2020-05-21 22:44:49
14956092_146632,Pm_146632,U_14956092,1,1,1.0,2020-05-21 22:45:18
14956092_146633,Pm_146633,U_14956092,1,1,2.0,2020-05-21 22:45:44
14956092_146634,Pm_146634,U_14956092,0,1,0.0,2020-05-21 22:47:03
14956092_146635,Pm_146635,U_14956092,1,1,2.0,2020-05-21 22:48:12
14956092_146636,Pm_146636,U_14956092,1,1,1.0,2020-05-21 22:48:23
14956092_146637,Pm_146637,U_14956092,0,1,0.0,2020-05-21 22:48:39
14956092_146638,Pm_146638,U_14956092,0,1,0.0,2020-05-21 22:48:58
14956092_146639,Pm_146639,U_14956092,0,1,0.0,2020-05-21 22:49:28
14956092_146640,Pm_146640,U_14956092,0,1,0.0,2020-05-23 09:49:31
14956092_146641,Pm_146641,U_14956092,1,1,1.0,2020-05-23 09:50:24
14956092_146642,Pm_146642,U_14956092,0,1,0.0,2020-05-23 09:52:02
14956092_146643,Pm_146643,U_14956092,0,1,0.0,2020-05-23 09:52:52
14956092_146644,Pm_146644,U_14956092,1,1,2.0,2020-05-23 09:53:14
14956092_146645,Pm_146645,U_14956092,1,1,2.0,2020-05-23 09:53:34
14956092_146646,Pm_146646,U_14956092,0,1,0.0,2020-05-23 09:54:21
14956092_146647,Pm_146647,U_14956092,0,1,0.0,2020-05-23 09:55:24
14956092_146648,Pm_146648,U_14956092,0,1,0.0,2020-05-23 09:57:31
14956092_146650,Pm_146650,U_14956092,1,1,1.0,2020-05-25 04:17:58
14956092_146651,Pm_146651,U_14956092,1,1,1.0,2020-05-25 04:18:21
14956092_146652,Pm_146652,U_14956092,1,1,2.0,2020-05-25 04:19:02
14956092_146653,Pm_146653,U_14956092,0,1,0.0,2020-05-25 04:19:33
14956092_146654,Pm_146654,U_14956092,1,1,1.0,2020-05-25 04:19:57
14956092_146655,Pm_146655,U_14956092,0,1,0.0,2020-05-25 04:20:29
14956092_146656,Pm_146656,U_14956092,0,1,0.0,2020-05-25 04:24:56
14956092_146657,Pm_146657,U_14956092,1,1,1.0,2020-05-25 04:26:37
14956092_146659,Pm_146659,U_14956092,1,1,1.0,2020-05-25 06:34:28
14956092_146660,Pm_146660,U_14956092,0,1,0.0,2020-05-25 06:34:47
14956092_146661,Pm_146661,U_14956092,0,1,0.0,2020-05-25 06:35:17
14956092_146662,Pm_146662,U_14956092,1,1,2.0,2020-05-25 06:36:02
14956092_146663,Pm_146663,U_14956092,0,1,0.0,2020-05-25 06:36:25
14956092_146664,Pm_146664,U_14956092,0,1,0.0,2020-05-25 06:36:42
14956092_146665,Pm_146665,U_14956092,0,1,0.0,2020-05-25 06:36:51
14956092_146666,Pm_146666,U_14956092,1,1,2.0,2020-05-25 06:37:45
14956092_146667,Pm_146667,U_14956092,1,1,2.0,2020-05-25 06:39:52
14956092_146668,Pm_146668,U_14956092,1,1,2.0,2020-05-25 06:40:23
14956092_146669,Pm_146669,U_14956092,0,1,0.0,2020-05-25 06:40:52
14956092_146670,Pm_146670,U_14956092,0,1,0.0,2020-05-25 06:41:38
14956092_146671,Pm_146671,U_14956092,1,1,2.0,2020-05-25 06:42:21
14956092_146672,Pm_146672,U_14956092,1,1,2.0,2020-05-25 06:42:36
14956092_146673,Pm_146673,U_14956092,0,1,0.0,2020-05-25 06:43:04
14956092_146674,Pm_146674,U_14956092,0,1,0.0,2020-05-25 06:43:33
14956092_146676,Pm_146676,U_14956092,1,1,1.0,2020-05-25 08:18:01
14956092_146677,Pm_146677,U_14956092,1,1,1.0,2020-05-25 08:18:08
14956092_146678,Pm_146678,U_14956092,1,1,1.0,2020-05-25 08:18:24
14956092_146679,Pm_146679,U_14956092,1,1,1.0,2020-05-25 08:18:50
14956092_146680,Pm_146680,U_14956092,1,1,1.0,2020-05-25 08:19:17
14956092_146681,Pm_146681,U_14956092,1,1,2.0,2020-05-25 08:19:30
14956092_146682,Pm_146682,U_14956092,0,1,0.0,2020-05-25 08:19:57
14956092_146683,Pm_146683,U_14956092,1,1,2.0,2020-05-25 08:20:17
14956092_146684,Pm_146684,U_14956092,0,1,0.0,2020-05-25 08:21:23
14956092_146685,Pm_146685,U_14956092,0,1,0.0,2020-05-25 08:22:00
14956092_146686,Pm_146686,U_14956092,0,1,0.0,2020-05-25 08:23:08
14956092_146687,Pm_146687,U_14956092,1,1,1.0,2020-05-25 08:23:37
14956092_146689,Pm_146689,U_14956092,1,1,1.0,2020-05-27 10:05:50
14956092_146690,Pm_146690,U_14956092,1,1,1.0,2020-05-27 10:05:58
14956092_146691,Pm_146691,U_14956092,1,1,1.0,2020-05-27 10:06:16
14956092_146692,Pm_146692,U_14956092,1,1,1.0,2020-05-27 10:06:28
14956092_146693,Pm_146693,U_14956092,1,1,1.0,2020-05-27 10:06:38
14956092_146694,Pm_146694,U_14956092,1,1,1.0,2020-05-27 10:06:45
14956092_146695,Pm_146695,U_14956092,1,1,2.0,2020-05-27 10:07:08
14956092_146696,Pm_146696,U_14956092,0,1,0.0,2020-05-27 10:07:34
14956092_146697,Pm_146697,U_14956092,1,1,2.0,2020-05-27 10:08:38
14956092_146698,Pm_146698,U_14956092,1,1,2.0,2020-05-27 10:08:55
14956092_146699,Pm_146699,U_14956092,1,1,2.0,2020-05-27 10:09:35
14956092_146700,Pm_146700,U_14956092,1,1,1.0,2020-05-27 10:39:12
14956092_146701,Pm_146701,U_14956092,1,1,1.0,2020-05-27 10:39:28
14956092_146702,Pm_146702,U_14956092,1,1,2.0,2020-05-27 10:39:49
14956092_146703,Pm_146703,U_14956092,0,1,0.0,2020-05-27 10:40:13
14956092_146704,Pm_146704,U_14956092,0,1,0.0,2020-05-27 10:40:31
14956092_146705,Pm_146705,U_14956092,1,1,2.0,2020-05-27 10:40:56
14956092_146706,Pm_146706,U_14956092,1,1,2.0,2020-05-27 10:41:12
14956092_146707,Pm_146707,U_14956092,0,1,0.0,2020-05-27 10:41:23
14956092_146708,Pm_146708,U_14956092,0,1,0.0,2020-05-27 10:42:05
14956092_146709,Pm_146709,U_14956092,1,1,1.0,2020-05-27 10:42:21
14956092_146710,Pm_146710,U_14956092,1,1,2.0,2020-05-27 10:42:34
14956092_146711,Pm_146711,U_14956092,0,1,0.0,2020-05-27 10:42:58
14956092_146712,Pm_146712,U_14956092,1,1,1.0,2020-05-27 10:43:08
15112132_738095,Pm_738095,U_15112132,1,1,1.0,2020-05-06 19:58:39
15112132_738096,Pm_738096,U_15112132,1,1,1.0,2020-05-06 19:58:49
15112132_738097,Pm_738097,U_15112132,1,1,1.0,2020-05-06 19:58:54
15112132_738098,Pm_738098,U_15112132,1,1,1.0,2020-05-06 19:59:01
15201686_976059,Pm_976059,U_15201686,0,1,0.0,2020-06-03 10:22:12
15201686_976060,Pm_976060,U_15201686,1,1,1.0,2020-06-03 10:23:17
15201686_976061,Pm_976061,U_15201686,1,1,1.0,2020-06-03 10:25:35
15201686_976062,Pm_976062,U_15201686,1,1,1.0,2020-06-03 10:26:42
15201686_976063,Pm_976063,U_15201686,0,1,0.0,2020-06-03 10:28:00
15201686_976064,Pm_976064,U_15201686,1,1,2.0,2020-06-03 10:29:09
15201686_976065,Pm_976065,U_15201686,1,1,1.0,2020-06-05 09:13:48
15201686_976066,Pm_976066,U_15201686,1,1,1.0,2020-06-05 09:14:18
15201686_976067,Pm_976067,U_15201686,1,1,1.0,2020-06-05 09:15:20
15201686_976068,Pm_976068,U_15201686,1,1,1.0,2020-06-05 09:18:39
15201686_976069,Pm_976069,U_15201686,1,1,2.0,2020-06-05 09:19:09
15201686_976070,Pm_976070,U_15201686,1,1,1.0,2020-06-08 17:24:41
15201686_976071,Pm_976071,U_15201686,1,1,1.0,2020-06-08 17:25:21
15201686_976072,Pm_976072,U_15201686,1,1,1.0,2020-06-08 17:26:37
15201686_976073,Pm_976073,U_15201686,1,1,1.0,2020-06-08 17:27:20
15201686_976074,Pm_976074,U_15201686,1,1,1.0,2020-06-08 17:28:03
15201686_976075,Pm_976075,U_15201686,1,1,2.0,2020-06-08 17:28:54
15201686_976076,Pm_976076,U_15201686,1,1,1.0,2020-06-08 17:29:39
15201686_976077,Pm_976077,U_15201686,0,1,0.0,2020-08-04 11:48:45
15201686_976078,Pm_976078,U_15201686,1,1,1.0,2020-08-04 11:49:26
15201686_976079,Pm_976079,U_15201686,1,1,1.0,2020-08-04 11:50:08
15201686_976080,Pm_976080,U_15201686,1,1,2.0,2020-08-04 11:51:00
15201686_976081,Pm_976081,U_15201686,1,1,1.0,2020-08-04 11:51:40
15201686_976082,Pm_976082,U_15201686,1,1,2.0,2020-08-05 10:17:56
15201686_976083,Pm_976083,U_15201686,1,1,2.0,2020-08-05 10:19:45
15201686_976084,Pm_976084,U_15201686,0,1,0.0,2020-08-05 10:20:30
15201686_976085,Pm_976085,U_15201686,1,1,1.0,2020-08-05 10:22:09
15201686_976086,Pm_976086,U_15201686,1,1,1.0,2020-08-13 10:53:30
15201686_976087,Pm_976087,U_15201686,1,1,2.0,2020-08-13 10:53:44
15201686_976088,Pm_976088,U_15201686,1,1,2.0,2020-08-13 10:53:58
15201686_976089,Pm_976089,U_15201686,1,1,1.0,2020-08-13 10:55:10
15201686_976090,Pm_976090,U_15201686,0,1,0.0,2020-08-13 10:58:30
15201686_976091,Pm_976091,U_15201686,0,1,0.0,2020-08-13 11:00:26
15201686_976092,Pm_976092,U_15201686,1,1,2.0,2020-08-13 11:01:34
15201686_976093,Pm_976093,U_15201686,1,1,2.0,2020-08-13 11:02:32
15201686_976094,Pm_976094,U_15201686,1,1,1.0,2020-08-13 11:03:00
15201686_976095,Pm_976095,U_15201686,1,1,1.0,2020-08-14 10:26:21
15201686_976096,Pm_976096,U_15201686,1,1,2.0,2020-08-14 10:27:46
15201686_976097,Pm_976097,U_15201686,0,1,0.0,2020-08-14 10:29:46
15201686_976098,Pm_976098,U_15201686,1,1,1.0,2020-08-14 10:31:58
15201686_976099,Pm_976099,U_15201686,1,1,1.0,2020-08-14 10:33:18
15201686_976100,Pm_976100,U_15201686,1,1,1.0,2020-08-14 10:33:50
15201686_976101,Pm_976101,U_15201686,1,1,1.0,2020-08-14 10:35:07
15201686_976102,Pm_976102,U_15201686,1,1,1.0,2020-08-14 10:50:48
15201686_976103,Pm_976103,U_15201686,1,1,1.0,2020-08-14 10:51:02
15201686_976104,Pm_976104,U_15201686,0,1,0.0,2020-08-14 10:53:11
15201686_976105,Pm_976105,U_15201686,1,1,1.0,2020-08-15 17:21:57
15201686_976106,Pm_976106,U_15201686,1,1,1.0,2020-08-15 17:23:39
15201686_976107,Pm_976107,U_15201686,1,1,1.0,2020-08-15 17:26:03
15201686_976108,Pm_976108,U_15201686,1,1,2.0,2020-08-15 17:26:54
15201686_976109,Pm_976109,U_15201686,1,1,1.0,2020-08-15 17:27:15
15201686_976110,Pm_976110,U_15201686,1,1,2.0,2020-08-15 17:27:54
15201686_976111,Pm_976111,U_15201686,1,1,1.0,2020-08-15 17:28:12
15201686_976112,Pm_976112,U_15201686,1,1,1.0,2020-08-15 17:29:10
15201686_976113,Pm_976113,U_15201686,1,1,1.0,2020-08-15 17:29:42
15201686_976114,Pm_976114,U_15201686,1,1,1.0,2020-08-15 17:32:43
15201686_976115,Pm_976115,U_15201686,0,1,0.0,2020-08-15 17:33:46
15201686_976116,Pm_976116,U_15201686,1,1,2.0,2020-08-15 17:35:05
15201686_976117,Pm_976117,U_15201686,1,1,2.0,2020-08-15 17:35:54
15201686_976118,Pm_976118,U_15201686,1,1,2.0,2020-08-15 17:37:03
15201686_976119,Pm_976119,U_15201686,1,1,1.0,2020-08-15 17:37:50
15201686_976120,Pm_976120,U_15201686,0,1,0.0,2020-08-17 09:53:01
15201686_976121,Pm_976121,U_15201686,1,1,1.0,2020-08-17 09:55:27
15201686_976122,Pm_976122,U_15201686,1,1,1.0,2020-08-17 09:56:29
15201686_976123,Pm_976123,U_15201686,1,1,1.0,2020-08-17 09:56:48
15201686_976124,Pm_976124,U_15201686,1,1,1.0,2020-08-17 09:57:34
15201686_976125,Pm_976125,U_15201686,1,1,1.0,2020-08-17 09:59:54
15201686_976126,Pm_976126,U_15201686,1,1,1.0,2020-08-17 10:00:27
15201686_976127,Pm_976127,U_15201686,1,1,1.0,2020-08-17 10:02:08
15201686_976128,Pm_976128,U_15201686,1,1,1.0,2020-08-17 10:03:15
15201686_976129,Pm_976129,U_15201686,1,1,1.0,2020-08-17 10:04:20
15201686_976130,Pm_976130,U_15201686,1,1,1.0,2020-08-17 10:04:47
15201686_976140,Pm_976140,U_15201686,1,1,1.0,2020-05-28 07:18:36
15201686_976141,Pm_976141,U_15201686,1,1,2.0,2020-05-28 07:19:21
15201686_976142,Pm_976142,U_15201686,0,1,0.0,2020-05-28 07:22:15
15201686_976143,Pm_976143,U_15201686,1,1,1.0,2020-05-28 07:27:04
15201686_976144,Pm_976144,U_15201686,1,1,1.0,2020-05-28 07:29:09
15201686_976145,Pm_976145,U_15201686,1,1,1.0,2020-05-28 07:29:33
15201686_976146,Pm_976146,U_15201686,1,1,1.0,2020-05-28 07:30:50
15201686_976147,Pm_976147,U_15201686,0,1,0.0,2020-05-28 07:32:49
15201686_976148,Pm_976148,U_15201686,1,1,1.0,2020-05-28 07:33:56
15201686_976149,Pm_976149,U_15201686,1,1,1.0,2020-05-28 07:34:22
15201686_976150,Pm_976150,U_15201686,1,1,1.0,2020-05-28 16:06:43
15201686_976151,Pm_976151,U_15201686,0,1,0.0,2020-05-28 16:08:27
15201686_976152,Pm_976152,U_15201686,1,1,2.0,2020-05-28 16:09:40
15201686_976153,Pm_976153,U_15201686,0,1,0.0,2020-05-28 16:11:22
15201686_976154,Pm_976154,U_15201686,0,1,0.0,2020-05-28 16:21:26
15201686_976155,Pm_976155,U_15201686,0,1,0.0,2020-05-24 08:57:13
15201686_976156,Pm_976156,U_15201686,1,1,1.0,2020-05-24 08:58:47
15201686_976157,Pm_976157,U_15201686,1,1,1.0,2020-05-24 09:00:05
15201686_976158,Pm_976158,U_15201686,0,1,0.0,2020-05-24 09:02:49
15201686_976159,Pm_976159,U_15201686,1,1,1.0,2020-05-24 09:04:03
15201686_976160,Pm_976160,U_15201686,1,1,1.0,2020-05-24 09:04:40
15201686_976161,Pm_976161,U_15201686,1,1,2.0,2020-05-24 09:06:02
15201686_976162,Pm_976162,U_15201686,0,1,0.0,2020-05-24 09:12:04
15201686_976163,Pm_976163,U_15201686,1,1,2.0,2020-05-24 09:14:48
15201686_976164,Pm_976164,U_15201686,0,1,0.0,2020-05-24 09:15:24
15201686_976165,Pm_976165,U_15201686,1,1,1.0,2020-05-24 09:16:45
15201686_976166,Pm_976166,U_15201686,1,1,1.0,2020-05-24 09:17:43
15201686_976167,Pm_976167,U_15201686,1,1,1.0,2020-05-26 09:00:50
15201686_976168,Pm_976168,U_15201686,1,1,2.0,2020-05-26 09:01:40
15201686_976169,Pm_976169,U_15201686,1,1,1.0,2020-05-26 09:06:40
15201686_976170,Pm_976170,U_15201686,1,1,1.0,2020-05-26 09:07:00
15201686_976171,Pm_976171,U_15201686,1,1,1.0,2020-05-26 09:08:33
15201686_976172,Pm_976172,U_15201686,1,1,1.0,2020-05-26 09:09:58
15201686_976173,Pm_976173,U_15201686,0,1,0.0,2020-05-26 09:10:40
15201686_976174,Pm_976174,U_15201686,1,1,2.0,2020-05-26 09:11:53
15201686_976176,Pm_976176,U_15201686,1,1,1.0,2020-09-14 11:42:57
15201686_976177,Pm_976177,U_15201686,1,1,1.0,2020-09-14 11:43:18
15201686_976178,Pm_976178,U_15201686,0,1,0.0,2020-09-14 11:43:45
15201686_976179,Pm_976179,U_15201686,0,1,0.0,2020-09-14 11:45:03
15201686_976180,Pm_976180,U_15201686,0,1,0.0,2020-09-14 11:46:05
15201686_976181,Pm_976181,U_15201686,1,1,1.0,2020-09-14 11:46:34
15201686_976182,Pm_976182,U_15201686,0,1,0.0,2020-09-14 11:47:38
15217738_738095,Pm_738095,U_15217738,1,1,,2020-11-14 05:51:35
15217738_738096,Pm_738096,U_15217738,0,1,,2020-11-14 05:52:28
15217738_738097,Pm_738097,U_15217738,0,1,,2020-11-14 05:52:52
15217738_738098,Pm_738098,U_15217738,1,1,,2020-11-14 05:53:16
15840481_146588,Pm_146588,U_15840481,1,1,1.0,2020-05-03 20:26:23
15840481_146589,Pm_146589,U_15840481,0,1,0.0,2020-05-03 20:26:39
15840481_146590,Pm_146590,U_15840481,0,1,0.0,2020-05-03 20:27:21
15840481_146591,Pm_146591,U_15840481,0,1,0.0,2020-05-03 20:27:39
15840481_146592,Pm_146592,U_15840481,1,1,2.0,2020-05-03 20:28:00
15840481_146593,Pm_146593,U_15840481,1,1,2.0,2020-05-03 20:28:17
15840481_146594,Pm_146594,U_15840481,0,1,0.0,2020-05-03 20:28:42
15840481_146595,Pm_146595,U_15840481,1,1,2.0,2020-05-03 20:29:48
15840481_146596,Pm_146596,U_15840481,1,1,2.0,2020-05-03 20:30:01
15840481_146597,Pm_146597,U_15840481,1,1,2.0,2020-05-03 20:31:18
15840481_146598,Pm_146598,U_15840481,0,1,0.0,2020-05-03 20:31:33
15840481_146599,Pm_146599,U_15840481,0,1,0.0,2020-05-03 20:32:02
15840481_146600,Pm_146600,U_15840481,1,1,1.0,2020-05-03 20:32:37
15840481_146601,Pm_146601,U_15840481,1,1,1.0,2020-05-03 20:33:27
15852315_976086,Pm_976086,U_15852315,0,1,0.0,2020-08-21 16:32:34
15852315_976095,Pm_976095,U_15852315,0,1,0.0,2020-08-22 12:35:33
15852315_976105,Pm_976105,U_15852315,1,1,1.0,2020-08-24 16:19:25
15852315_976120,Pm_976120,U_15852315,0,1,0.0,2020-08-31 11:29:22
15852315_976131,Pm_976131,U_15852315,0,1,0.0,2020-09-01 21:13:58
15852315_976132,Pm_976132,U_15852315,0,1,0.0,2020-09-02 16:53:07
20319134_738095,Pm_738095,U_20319134,0,1,0.0,2020-05-18 00:28:53
20319134_738096,Pm_738096,U_20319134,0,1,0.0,2020-05-18 00:28:56
20319134_738097,Pm_738097,U_20319134,0,1,0.0,2020-05-18 00:28:59
20319134_738098,Pm_738098,U_20319134,0,1,0.0,2020-05-18 00:29:01
20319134_738099,Pm_738099,U_20319134,0,1,0.0,2020-05-18 00:29:44
20319134_738100,Pm_738100,U_20319134,1,1,1.0,2020-05-18 00:29:47
20319134_738101,Pm_738101,U_20319134,0,1,0.0,2020-05-18 00:29:49
20319134_738102,Pm_738102,U_20319134,0,1,0.0,2020-05-18 00:29:51
20319134_738103,Pm_738103,U_20319134,1,1,1.0,2020-05-18 00:29:53
20319134_738104,Pm_738104,U_20319134,0,1,0.0,2020-05-18 00:29:55
20319134_738105,Pm_738105,U_20319134,0,1,0.0,2020-05-18 00:29:57
20319134_738106,Pm_738106,U_20319134,0,1,0.0,2020-05-18 00:30:01
20319134_738107,Pm_738107,U_20319134,0,1,0.0,2020-05-18 00:30:04
20319134_738108,Pm_738108,U_20319134,0,1,0.0,2020-05-18 00:30:15
20319134_738109,Pm_738109,U_20319134,0,1,0.0,2020-05-18 00:30:19
20319134_738110,Pm_738110,U_20319134,1,1,1.0,2020-05-18 00:30:21
20319134_738111,Pm_738111,U_20319134,0,1,0.0,2020-05-18 00:30:23
20319134_738112,Pm_738112,U_20319134,0,1,0.0,2020-05-18 00:30:25
20319134_738113,Pm_738113,U_20319134,0,1,0.0,2020-05-18 00:30:28
20319134_738114,Pm_738114,U_20319134,0,1,0.0,2020-05-18 00:30:30
20319134_738115,Pm_738115,U_20319134,0,1,0.0,2020-05-18 00:30:32
20319134_738116,Pm_738116,U_20319134,0,1,0.0,2020-05-18 00:30:35
20319134_738117,Pm_738117,U_20319134,0,1,0.0,2020-05-18 00:30:38
20319134_738118,Pm_738118,U_20319134,0,1,0.0,2020-05-18 00:30:41
20319134_738119,Pm_738119,U_20319134,0,1,0.0,2020-05-18 00:30:49
20319134_738120,Pm_738120,U_20319134,0,1,0.0,2020-05-18 00:30:53
20319134_738121,Pm_738121,U_20319134,1,1,1.0,2020-05-18 00:33:38
20319134_738122,Pm_738122,U_20319134,0,1,0.0,2020-05-18 00:33:40
20319134_738123,Pm_738123,U_20319134,0,1,0.0,2020-05-18 00:33:43
20319134_738124,Pm_738124,U_20319134,1,1,1.0,2020-05-18 00:33:46
20319134_738125,Pm_738125,U_20319134,0,1,0.0,2020-05-18 00:33:47
20319134_738126,Pm_738126,U_20319134,0,1,0.0,2020-05-18 00:33:50
20319134_738127,Pm_738127,U_20319134,0,1,0.0,2020-05-18 00:33:52
20319134_738128,Pm_738128,U_20319134,0,1,0.0,2020-05-18 00:33:55
20319134_738129,Pm_738129,U_20319134,0,1,0.0,2020-05-18 00:34:50
20319134_738130,Pm_738130,U_20319134,0,1,0.0,2020-05-18 00:33:59
20319134_738131,Pm_738131,U_20319134,1,1,1.0,2020-05-18 00:34:01
20319134_738132,Pm_738132,U_20319134,0,1,0.0,2020-05-18 00:34:04
20319134_738133,Pm_738133,U_20319134,0,1,0.0,2020-05-18 00:34:06
20319134_738134,Pm_738134,U_20319134,0,1,0.0,2020-05-18 00:34:09
20319134_738135,Pm_738135,U_20319134,1,1,1.0,2020-05-18 00:35:53
20319134_738136,Pm_738136,U_20319134,1,1,1.0,2020-05-18 00:35:57
20319134_738137,Pm_738137,U_20319134,0,1,0.0,2020-05-18 00:36:00
20319134_738138,Pm_738138,U_20319134,0,1,0.0,2020-05-18 00:36:05
20319134_738139,Pm_738139,U_20319134,0,1,0.0,2020-05-18 00:36:07
20319134_738140,Pm_738140,U_20319134,0,1,0.0,2020-05-18 00:36:10
20319134_738141,Pm_738141,U_20319134,0,1,0.0,2020-05-18 00:36:13
20319134_738142,Pm_738142,U_20319134,0,1,0.0,2020-05-18 00:36:16
20319134_738143,Pm_738143,U_20319134,0,1,0.0,2020-05-18 00:36:21
20319134_738144,Pm_738144,U_20319134,0,1,0.0,2020-05-18 00:36:25
20319134_738145,Pm_738145,U_20319134,0,1,0.0,2020-05-18 00:36:27
20319134_738146,Pm_738146,U_20319134,0,1,0.0,2020-05-18 00:36:31
20319134_738147,Pm_738147,U_20319134,1,1,1.0,2020-05-18 00:36:36
20319134_738148,Pm_738148,U_20319134,0,1,0.0,2020-05-18 00:36:39
20319134_738149,Pm_738149,U_20319134,1,1,1.0,2020-05-18 00:36:42
20319134_738150,Pm_738150,U_20319134,1,1,1.0,2020-05-18 00:36:44
20319134_738151,Pm_738151,U_20319134,1,1,1.0,2020-05-18 00:36:47
20319134_738152,Pm_738152,U_20319134,1,1,1.0,2020-05-18 00:36:51
20319134_738153,Pm_738153,U_20319134,0,1,0.0,2020-05-18 00:36:54
20319134_738154,Pm_738154,U_20319134,0,1,0.0,2020-05-18 00:36:56
20319134_738155,Pm_738155,U_20319134,1,1,1.0,2020-05-18 00:36:59
20319134_738156,Pm_738156,U_20319134,0,1,0.0,2020-05-18 00:37:02
20319134_738157,Pm_738157,U_20319134,0,1,0.0,2020-05-18 00:37:04
20319134_738158,Pm_738158,U_20319134,0,1,0.0,2020-05-18 00:37:07
2427702_1209638,Pm_1209638,U_2427702,1,1,1.0,2020-08-30 08:27:28
2427702_1209639,Pm_1209639,U_2427702,1,1,1.0,2020-08-30 08:27:33
2427702_1209640,Pm_1209640,U_2427702,1,1,2.0,2020-08-30 08:27:43
2427702_1209641,Pm_1209641,U_2427702,1,1,2.0,2020-08-30 08:27:58
2427702_1209642,Pm_1209642,U_2427702,0,1,0.0,2020-08-30 08:28:17
2427702_1209643,Pm_1209643,U_2427702,1,1,1.0,2020-08-30 08:04:23
2427702_1209644,Pm_1209644,U_2427702,0,1,0.0,2020-08-30 08:04:49
2427702_1209645,Pm_1209645,U_2427702,1,1,1.0,2020-08-30 08:05:18
2427702_1209646,Pm_1209646,U_2427702,1,1,1.0,2020-08-30 08:05:51
2427702_1209647,Pm_1209647,U_2427702,0,1,0.0,2020-08-30 08:06:00
2427702_1209653,Pm_1209653,U_2427702,0,1,0.0,2020-08-30 08:18:02
2427702_1209654,Pm_1209654,U_2427702,0,1,0.0,2020-08-30 08:18:14
2427702_1209655,Pm_1209655,U_2427702,1,1,2.0,2020-08-30 08:18:42
2427702_1209656,Pm_1209656,U_2427702,0,1,0.0,2020-08-30 08:18:52
2427702_1209657,Pm_1209657,U_2427702,1,1,2.0,2020-08-30 08:19:02
2427702_189414,Pm_189414,U_2427702,0,1,0.0,2020-08-29 19:01:29
2427702_189415,Pm_189415,U_2427702,1,1,1.0,2020-08-29 19:02:07
2427702_189416,Pm_189416,U_2427702,1,1,1.0,2020-08-29 19:02:22
2427702_189417,Pm_189417,U_2427702,1,1,1.0,2020-08-29 19:02:54
2427702_189418,Pm_189418,U_2427702,1,1,1.0,2020-08-29 19:15:04
2427702_189419,Pm_189419,U_2427702,1,1,1.0,2020-08-29 19:15:16
2427702_189420,Pm_189420,U_2427702,1,1,1.0,2020-08-29 19:15:24
2427702_189421,Pm_189421,U_2427702,1,1,1.0,2020-08-29 19:16:00
2427702_189422,Pm_189422,U_2427702,1,1,1.0,2020-08-29 19:16:10
2427702_189423,Pm_189423,U_2427702,1,1,1.0,2020-08-29 22:56:06
2427702_189424,Pm_189424,U_2427702,1,1,1.0,2020-08-29 22:56:15
2427702_189425,Pm_189425,U_2427702,1,1,1.0,2020-08-29 22:56:25
2427702_189426,Pm_189426,U_2427702,1,1,1.0,2020-08-29 22:56:31
2427702_189427,Pm_189427,U_2427702,0,1,0.0,2020-08-29 23:02:44
2427702_189428,Pm_189428,U_2427702,1,1,1.0,2020-08-29 23:03:01
2427702_189429,Pm_189429,U_2427702,1,1,1.0,2020-08-29 23:03:11
2427702_189430,Pm_189430,U_2427702,1,1,1.0,2020-08-29 23:13:07
2427702_189431,Pm_189431,U_2427702,1,1,1.0,2020-08-29 23:13:24
2427702_189432,Pm_189432,U_2427702,0,1,0.0,2020-08-29 23:13:36
2427702_189433,Pm_189433,U_2427702,1,1,1.0,2020-08-29 23:19:34
2427702_189434,Pm_189434,U_2427702,1,1,1.0,2020-08-29 23:19:49
2427702_189435,Pm_189435,U_2427702,1,1,1.0,2020-08-29 23:25:06
2427702_189436,Pm_189436,U_2427702,1,1,1.0,2020-08-29 23:25:30
2427702_189437,Pm_189437,U_2427702,1,1,1.0,2020-08-29 23:25:39
2427702_189438,Pm_189438,U_2427702,1,1,1.0,2020-08-29 23:25:46
2427702_189439,Pm_189439,U_2427702,1,1,1.0,2020-08-29 23:25:55
2427702_189440,Pm_189440,U_2427702,1,1,1.0,2020-08-29 23:29:55
2427702_189441,Pm_189441,U_2427702,1,1,1.0,2020-08-29 23:30:02
2427702_189442,Pm_189442,U_2427702,1,1,1.0,2020-08-29 23:30:20
2427702_189443,Pm_189443,U_2427702,1,1,1.0,2020-08-29 23:30:31
2427702_189444,Pm_189444,U_2427702,1,1,1.0,2020-08-29 23:30:37
2427702_189445,Pm_189445,U_2427702,1,1,1.0,2020-08-29 23:35:55
2427702_189446,Pm_189446,U_2427702,1,1,1.0,2020-08-29 23:36:03
2427702_189447,Pm_189447,U_2427702,1,1,1.0,2020-08-29 23:36:15
2427702_189448,Pm_189448,U_2427702,1,1,1.0,2020-08-29 23:36:22
2427702_189449,Pm_189449,U_2427702,1,1,1.0,2020-08-29 23:36:34
2427702_189450,Pm_189450,U_2427702,1,1,1.0,2020-08-29 23:41:30
2427702_189451,Pm_189451,U_2427702,1,1,1.0,2020-08-29 23:41:38
2427702_189452,Pm_189452,U_2427702,1,1,1.0,2020-08-29 23:41:44
2427702_189453,Pm_189453,U_2427702,1,1,1.0,2020-08-29 23:41:50
2427702_189454,Pm_189454,U_2427702,1,1,1.0,2020-08-29 23:41:58
2427702_189455,Pm_189455,U_2427702,1,1,1.0,2020-08-30 07:35:13
2427702_189456,Pm_189456,U_2427702,1,1,1.0,2020-08-30 07:35:28
2427702_189457,Pm_189457,U_2427702,1,1,1.0,2020-08-30 07:35:34
2427702_189458,Pm_189458,U_2427702,1,1,1.0,2020-08-30 07:35:40
2427702_189459,Pm_189459,U_2427702,1,1,1.0,2020-08-30 07:35:48
2427702_189470,Pm_189470,U_2427702,1,1,1.0,2020-08-30 07:49:09
2427702_189471,Pm_189471,U_2427702,1,1,1.0,2020-08-30 07:49:18
2427702_189472,Pm_189472,U_2427702,1,1,1.0,2020-08-30 07:49:26
2427702_189473,Pm_189473,U_2427702,1,1,1.0,2020-08-30 07:49:35
2427702_189474,Pm_189474,U_2427702,1,1,1.0,2020-08-30 07:49:42
2427702_189475,Pm_189475,U_2427702,1,1,1.0,2020-08-30 07:53:45
2427702_189476,Pm_189476,U_2427702,1,1,1.0,2020-08-30 07:53:53
2427702_189477,Pm_189477,U_2427702,1,1,1.0,2020-08-30 07:53:59
2427702_189478,Pm_189478,U_2427702,1,1,1.0,2020-08-30 07:54:05
2427702_189479,Pm_189479,U_2427702,1,1,1.0,2020-08-30 07:54:10
2427702_189480,Pm_189480,U_2427702,1,1,1.0,2020-08-30 07:57:14
2427702_189481,Pm_189481,U_2427702,1,1,1.0,2020-08-30 07:57:19
2427702_189482,Pm_189482,U_2427702,1,1,1.0,2020-08-30 07:57:22
2427702_189483,Pm_189483,U_2427702,1,1,1.0,2020-08-30 07:57:33
2427702_189484,Pm_189484,U_2427702,1,1,1.0,2020-08-30 07:57:48
26628855_738095,Pm_738095,U_26628855,1,1,1.0,2020-05-27 21:02:54
26628855_738096,Pm_738096,U_26628855,1,1,1.0,2020-05-27 21:03:06
26628855_738097,Pm_738097,U_26628855,1,1,1.0,2020-05-27 21:03:15
26628855_738098,Pm_738098,U_26628855,0,1,0.0,2020-05-27 21:03:30
26733676_976056,Pm_976056,U_26733676,0,1,0.0,2020-05-06 20:02:11
26733676_976077,Pm_976077,U_26733676,1,1,1.0,2020-05-15 22:47:01
26733676_976078,Pm_976078,U_26733676,1,1,1.0,2020-05-15 22:47:34
26733676_976079,Pm_976079,U_26733676,1,1,1.0,2020-05-15 22:47:49
26733676_976080,Pm_976080,U_26733676,0,1,0.0,2020-05-15 22:48:00
26733676_976081,Pm_976081,U_26733676,1,1,1.0,2020-05-15 22:48:16
26733676_976082,Pm_976082,U_26733676,1,1,2.0,2020-05-15 22:58:46
26733676_976083,Pm_976083,U_26733676,0,1,0.0,2020-05-15 22:59:07
26733676_976085,Pm_976085,U_26733676,1,1,1.0,2020-05-15 22:59:31
27741674_146689,Pm_146689,U_27741674,1,1,1.0,2020-07-12 22:26:15
27741674_146690,Pm_146690,U_27741674,1,1,1.0,2020-07-12 22:26:22
27741674_146691,Pm_146691,U_27741674,1,1,1.0,2020-07-12 22:26:37
27741674_146692,Pm_146692,U_27741674,1,1,1.0,2020-07-12 22:26:43
27741674_146693,Pm_146693,U_27741674,1,1,1.0,2020-07-12 22:26:52
27741674_146694,Pm_146694,U_27741674,1,1,1.0,2020-07-12 22:26:57
27741674_146695,Pm_146695,U_27741674,1,1,2.0,2020-07-12 22:27:11
27741674_146696,Pm_146696,U_27741674,0,1,0.0,2020-07-12 22:27:39
27741674_146697,Pm_146697,U_27741674,1,1,2.0,2020-07-12 22:28:14
27741674_146698,Pm_146698,U_27741674,1,1,2.0,2020-07-12 22:28:26
27741674_146699,Pm_146699,U_27741674,1,1,2.0,2020-07-12 22:28:46
27862163_412335,Pm_412335,U_27862163,1,1,1.0,2020-05-06 21:33:39
27862163_412336,Pm_412336,U_27862163,1,1,1.0,2020-05-06 21:33:56
27862163_412337,Pm_412337,U_27862163,1,1,1.0,2020-05-06 21:35:27
27862163_412338,Pm_412338,U_27862163,0,1,0.0,2020-05-06 21:38:10
27862163_412339,Pm_412339,U_27862163,1,1,1.0,2020-05-06 21:39:30
27862163_412340,Pm_412340,U_27862163,1,1,1.0,2020-05-06 21:41:58
27862163_412341,Pm_412341,U_27862163,1,1,1.0,2020-05-06 21:42:26
27862163_412342,Pm_412342,U_27862163,1,1,1.0,2020-05-06 21:43:17
27862163_412344,Pm_412344,U_27862163,1,1,1.0,2020-05-06 21:48:12
27862163_412345,Pm_412345,U_27862163,1,1,1.0,2020-05-06 21:51:39
27862163_412346,Pm_412346,U_27862163,1,1,1.0,2020-05-06 21:51:52
27862163_412347,Pm_412347,U_27862163,1,1,1.0,2020-05-06 21:53:03
27862163_412348,Pm_412348,U_27862163,1,1,1.0,2020-05-06 21:55:00
27862163_412375,Pm_412375,U_27862163,1,1,1.0,2020-05-07 13:39:02
27862163_412376,Pm_412376,U_27862163,0,1,0.0,2020-05-07 13:43:13
27862163_412377,Pm_412377,U_27862163,1,1,1.0,2020-05-07 14:05:31
27862163_412378,Pm_412378,U_27862163,0,1,0.0,2020-05-07 14:13:19
27862163_412379,Pm_412379,U_27862163,0,1,0.0,2020-05-07 14:15:53
27890852_2679618,Pm_2679618,U_27890852,1,1,1.0,2020-05-27 09:57:42
27890852_2679619,Pm_2679619,U_27890852,1,1,1.0,2020-05-27 09:57:51
27890852_2679620,Pm_2679620,U_27890852,1,2,1.0,2020-05-27 09:57:59
27890852_2679621,Pm_2679621,U_27890852,1,1,1.0,2020-05-27 09:58:04
27890852_2679622,Pm_2679622,U_27890852,1,1,1.0,2020-05-27 09:58:06
27890852_2679623,Pm_2679623,U_27890852,0,2,0.0,2020-05-27 09:58:28
27890852_2679624,Pm_2679624,U_27890852,1,1,1.0,2020-05-27 09:58:35
27890852_2679625,Pm_2679625,U_27890852,1,1,1.0,2020-05-27 09:58:40
27890852_2679626,Pm_2679626,U_27890852,1,1,1.0,2020-05-27 09:58:42
27890852_2679627,Pm_2679627,U_27890852,0,2,0.0,2020-05-27 09:58:46
27890852_2679628,Pm_2679628,U_27890852,1,1,1.0,2020-06-03 10:06:20
27890852_2679629,Pm_2679629,U_27890852,1,2,1.0,2020-06-03 10:06:39
27890852_2679630,Pm_2679630,U_27890852,1,1,1.0,2020-06-03 10:06:45
27890852_2679631,Pm_2679631,U_27890852,1,2,1.0,2020-06-03 10:06:55
27890852_2679632,Pm_2679632,U_27890852,1,1,1.0,2020-06-03 10:07:06
27890852_2679633,Pm_2679633,U_27890852,1,1,1.0,2020-06-03 10:07:38
27890852_2679634,Pm_2679634,U_27890852,1,1,1.0,2020-06-03 10:07:58
27890852_2679635,Pm_2679635,U_27890852,0,2,0.0,2020-06-03 10:08:19
27890852_2679636,Pm_2679636,U_27890852,1,1,2.0,2020-06-03 10:09:00
27890852_2679637,Pm_2679637,U_27890852,0,2,0.0,2020-06-03 10:09:46
28145151_146588,Pm_146588,U_28145151,1,1,1.0,2020-06-16 15:20:16
28145151_146589,Pm_146589,U_28145151,0,1,0.0,2020-06-16 15:20:33
28145151_146590,Pm_146590,U_28145151,0,1,0.0,2020-06-16 15:21:38
28145151_146591,Pm_146591,U_28145151,0,1,0.0,2020-06-16 15:22:16
28145151_146592,Pm_146592,U_28145151,0,1,0.0,2020-06-16 15:22:47
28145151_146593,Pm_146593,U_28145151,1,1,2.0,2020-06-16 15:23:12
28145151_146594,Pm_146594,U_28145151,0,1,0.0,2020-06-16 15:24:00
28145151_146595,Pm_146595,U_28145151,0,1,0.0,2020-06-16 15:24:49
28145151_146596,Pm_146596,U_28145151,1,1,2.0,2020-06-16 15:25:18
28145151_146597,Pm_146597,U_28145151,1,1,2.0,2020-06-16 15:25:45
28145151_146598,Pm_146598,U_28145151,0,1,0.0,2020-06-16 15:25:56
28145151_146599,Pm_146599,U_28145151,1,1,1.0,2020-06-16 15:28:18
28145151_146600,Pm_146600,U_28145151,1,1,1.0,2020-06-16 15:28:43
28145151_146601,Pm_146601,U_28145151,1,1,1.0,2020-06-16 15:28:56
29040364_146588,Pm_146588,U_29040364,1,1,1.0,2020-07-01 10:48:42
29040364_146589,Pm_146589,U_29040364,1,1,2.0,2020-07-01 10:50:12
29040364_146590,Pm_146590,U_29040364,0,1,0.0,2020-07-01 10:50:41
29040364_146591,Pm_146591,U_29040364,0,1,0.0,2020-07-01 10:51:22
29040364_146592,Pm_146592,U_29040364,1,1,2.0,2020-07-01 10:51:49
29040364_146593,Pm_146593,U_29040364,1,1,2.0,2020-07-01 10:52:09
29040364_146594,Pm_146594,U_29040364,1,1,2.0,2020-07-01 10:52:39
29040364_146595,Pm_146595,U_29040364,0,1,0.0,2020-07-01 10:53:06
29040364_146596,Pm_146596,U_29040364,0,1,0.0,2020-07-01 10:53:44
29040364_146597,Pm_146597,U_29040364,0,1,0.0,2020-07-01 10:54:27
29040364_146598,Pm_146598,U_29040364,1,1,2.0,2020-07-01 10:54:47
29040364_146599,Pm_146599,U_29040364,1,1,1.0,2020-07-01 10:55:35
29040364_146600,Pm_146600,U_29040364,1,1,1.0,2020-07-01 10:55:58
29040364_146601,Pm_146601,U_29040364,1,1,1.0,2020-07-01 10:56:06
29040364_146604,Pm_146604,U_29040364,0,1,0.0,2020-07-05 11:24:50
29040364_146605,Pm_146605,U_29040364,1,1,1.0,2020-07-05 11:25:39
29040364_146606,Pm_146606,U_29040364,1,1,1.0,2020-07-05 11:25:53
29040364_146607,Pm_146607,U_29040364,1,1,2.0,2020-07-05 11:26:17
29040364_146608,Pm_146608,U_29040364,0,1,0.0,2020-07-05 11:26:48
29040364_146609,Pm_146609,U_29040364,1,1,2.0,2020-07-05 11:28:18
29040364_146610,Pm_146610,U_29040364,1,1,1.0,2020-07-05 11:40:47
29040364_146611,Pm_146611,U_29040364,1,1,1.0,2020-07-05 14:43:21
29040364_146612,Pm_146612,U_29040364,0,1,0.0,2020-07-05 14:45:25
29040364_146613,Pm_146613,U_29040364,0,1,0.0,2020-07-05 14:45:54
29040364_146614,Pm_146614,U_29040364,1,1,1.0,2020-07-05 14:46:23
29040364_146615,Pm_146615,U_29040364,1,1,2.0,2020-07-05 14:49:11
29040364_146616,Pm_146616,U_29040364,0,1,0.0,2020-07-06 14:59:54
29040364_146617,Pm_146617,U_29040364,1,1,2.0,2020-07-06 15:05:38
29040364_146618,Pm_146618,U_29040364,0,1,0.0,2020-07-06 15:06:12
29040364_146619,Pm_146619,U_29040364,1,1,2.0,2020-07-06 15:07:11
29040364_146620,Pm_146620,U_29040364,0,1,0.0,2020-07-06 15:07:37
29040364_146621,Pm_146621,U_29040364,0,1,0.0,2020-07-06 15:07:56
29040364_146622,Pm_146622,U_29040364,1,1,2.0,2020-07-06 15:08:19
29040364_146623,Pm_146623,U_29040364,0,1,0.0,2020-07-06 15:08:47
29040364_146624,Pm_146624,U_29040364,0,1,0.0,2020-07-06 15:09:04
29040364_146625,Pm_146625,U_29040364,0,1,0.0,2020-07-07 08:37:16
29040364_146626,Pm_146626,U_29040364,0,1,0.0,2020-07-07 08:39:24
29040364_146627,Pm_146627,U_29040364,1,1,2.0,2020-07-07 08:42:29
29040364_146628,Pm_146628,U_29040364,1,1,2.0,2020-07-07 08:43:08
29040364_146630,Pm_146630,U_29040364,1,1,2.0,2020-07-07 08:43:34
29040364_146631,Pm_146631,U_29040364,1,1,1.0,2020-07-07 08:45:25
29040364_146632,Pm_146632,U_29040364,0,1,0.0,2020-07-07 08:46:00
29040364_146633,Pm_146633,U_29040364,1,1,2.0,2020-07-07 08:46:22
29040364_146634,Pm_146634,U_29040364,0,1,0.0,2020-07-07 08:47:37
29040364_146635,Pm_146635,U_29040364,1,1,2.0,2020-07-07 08:48:28
29040364_146636,Pm_146636,U_29040364,1,1,1.0,2020-07-07 08:48:44
29040364_146637,Pm_146637,U_29040364,1,1,2.0,2020-07-07 08:51:18
29040364_146638,Pm_146638,U_29040364,1,1,1.0,2020-07-07 08:51:59
29040364_146639,Pm_146639,U_29040364,1,1,2.0,2020-07-07 08:52:35
29040364_146640,Pm_146640,U_29040364,1,1,1.0,2020-07-08 09:48:07
29040364_146641,Pm_146641,U_29040364,1,1,1.0,2020-07-08 09:48:51
29040364_146642,Pm_146642,U_29040364,1,1,1.0,2020-07-08 09:57:02
29040364_146643,Pm_146643,U_29040364,1,1,2.0,2020-07-08 09:57:46
29040364_146644,Pm_146644,U_29040364,1,1,2.0,2020-07-08 09:58:22
29040364_146645,Pm_146645,U_29040364,1,1,2.0,2020-07-08 09:59:06
29040364_146646,Pm_146646,U_29040364,0,1,0.0,2020-07-08 09:59:53
29040364_146647,Pm_146647,U_29040364,0,1,0.0,2020-07-08 10:00:43
29040364_146648,Pm_146648,U_29040364,0,1,0.0,2020-07-08 10:01:28
29040364_146650,Pm_146650,U_29040364,1,1,1.0,2020-07-08 14:45:11
29040364_146651,Pm_146651,U_29040364,1,1,1.0,2020-07-08 14:45:22
29040364_146652,Pm_146652,U_29040364,1,1,2.0,2020-07-08 14:45:39
29040364_146653,Pm_146653,U_29040364,1,1,2.0,2020-07-08 14:45:57
29040364_146654,Pm_146654,U_29040364,1,1,1.0,2020-07-08 14:46:25
29040364_146655,Pm_146655,U_29040364,0,1,0.0,2020-07-08 14:46:59
29040364_146656,Pm_146656,U_29040364,1,1,1.0,2020-07-08 14:47:38
29040364_146657,Pm_146657,U_29040364,1,1,1.0,2020-07-08 14:47:54
29040364_146659,Pm_146659,U_29040364,1,1,1.0,2020-07-13 10:14:10
29040364_146660,Pm_146660,U_29040364,1,1,1.0,2020-07-13 10:14:17
29040364_146661,Pm_146661,U_29040364,0,1,0.0,2020-07-13 10:14:46
29040364_146662,Pm_146662,U_29040364,0,1,0.0,2020-07-13 10:31:07
29040364_146663,Pm_146663,U_29040364,1,1,2.0,2020-07-13 10:32:01
29040364_146664,Pm_146664,U_29040364,0,1,0.0,2020-07-13 10:32:10
29040364_146665,Pm_146665,U_29040364,0,1,0.0,2020-07-13 10:32:21
29040364_146666,Pm_146666,U_29040364,0,1,0.0,2020-07-13 10:33:23
29040364_146667,Pm_146667,U_29040364,1,1,2.0,2020-07-13 10:34:03
29040364_146668,Pm_146668,U_29040364,1,1,2.0,2020-07-13 10:34:30
29040364_146669,Pm_146669,U_29040364,0,1,0.0,2020-07-13 10:35:12
29040364_146670,Pm_146670,U_29040364,0,1,0.0,2020-07-13 10:36:13
29040364_146671,Pm_146671,U_29040364,1,1,2.0,2020-07-13 10:37:05
29040364_146672,Pm_146672,U_29040364,0,1,0.0,2020-07-13 10:38:11
29040364_146673,Pm_146673,U_29040364,1,1,2.0,2020-07-13 10:38:30
29040364_146674,Pm_146674,U_29040364,0,1,0.0,2020-07-13 10:38:55
29040364_146676,Pm_146676,U_29040364,1,1,1.0,2020-07-19 11:35:28
29040364_146677,Pm_146677,U_29040364,1,1,1.0,2020-07-19 11:35:33
29040364_146678,Pm_146678,U_29040364,1,1,1.0,2020-07-19 11:35:42
29040364_146679,Pm_146679,U_29040364,0,1,0.0,2020-07-19 11:37:26
29040364_146680,Pm_146680,U_29040364,0,1,0.0,2020-07-19 11:38:18
29040364_146681,Pm_146681,U_29040364,1,1,2.0,2020-07-19 11:39:23
29040364_146682,Pm_146682,U_29040364,1,1,2.0,2020-07-19 11:40:19
29040364_146683,Pm_146683,U_29040364,1,1,2.0,2020-07-19 11:40:29
29040364_146684,Pm_146684,U_29040364,0,1,0.0,2020-07-19 11:41:31
29040364_146685,Pm_146685,U_29040364,0,1,0.0,2020-07-19 11:42:43
29040364_146686,Pm_146686,U_29040364,1,1,2.0,2020-07-19 11:43:07
29040364_146687,Pm_146687,U_29040364,1,1,1.0,2020-07-19 11:43:19
29040364_146689,Pm_146689,U_29040364,1,1,1.0,2020-07-21 12:58:28
29040364_146690,Pm_146690,U_29040364,1,1,1.0,2020-07-21 12:58:32
29040364_146691,Pm_146691,U_29040364,1,1,1.0,2020-07-21 12:58:50
29040364_146692,Pm_146692,U_29040364,0,1,0.0,2020-07-21 12:59:08
29040364_146693,Pm_146693,U_29040364,1,1,1.0,2020-07-21 13:00:14
29040364_146694,Pm_146694,U_29040364,1,1,1.0,2020-07-21 13:00:19
29040364_146695,Pm_146695,U_29040364,1,1,2.0,2020-07-21 13:00:37
29040364_146696,Pm_146696,U_29040364,0,1,0.0,2020-07-21 13:00:58
29040364_146697,Pm_146697,U_29040364,0,1,0.0,2020-07-21 13:02:32
29040364_146698,Pm_146698,U_29040364,1,1,2.0,2020-07-21 13:03:41
29040364_146699,Pm_146699,U_29040364,1,1,2.0,2020-07-21 13:03:52
29040364_146700,Pm_146700,U_29040364,0,1,0.0,2020-07-27 10:28:12
29040364_146701,Pm_146701,U_29040364,1,1,1.0,2020-07-27 10:29:08
29040364_146702,Pm_146702,U_29040364,0,1,0.0,2020-07-27 10:34:54
29040364_146703,Pm_146703,U_29040364,0,1,0.0,2020-07-27 10:35:23
29040364_146704,Pm_146704,U_29040364,1,1,2.0,2020-07-27 10:35:34
29040364_146705,Pm_146705,U_29040364,0,1,0.0,2020-07-27 10:36:01
29040364_146706,Pm_146706,U_29040364,0,1,0.0,2020-07-27 10:36:53
29040364_146707,Pm_146707,U_29040364,0,1,0.0,2020-07-27 10:37:44
29040364_146708,Pm_146708,U_29040364,0,1,0.0,2020-07-27 10:38:32
29040364_146709,Pm_146709,U_29040364,1,1,1.0,2020-07-27 10:38:53
29040364_146710,Pm_146710,U_29040364,1,1,2.0,2020-07-27 10:39:06
29040364_146711,Pm_146711,U_29040364,0,1,0.0,2020-07-27 10:39:52
29040364_146712,Pm_146712,U_29040364,0,1,0.0,2020-07-27 10:40:09
29040364_146713,Pm_146713,U_29040364,1,1,1.0,2020-07-30 10:35:56
29040364_146714,Pm_146714,U_29040364,1,1,1.0,2020-07-30 10:36:22
29040364_146715,Pm_146715,U_29040364,1,1,1.0,2020-07-30 10:36:31
29040364_146716,Pm_146716,U_29040364,1,1,1.0,2020-07-30 10:36:41
29040364_146717,Pm_146717,U_29040364,1,1,1.0,2020-07-30 10:37:00
29040364_146718,Pm_146718,U_29040364,0,1,0.0,2020-07-30 10:38:32
29040364_146719,Pm_146719,U_29040364,1,1,2.0,2020-07-30 10:40:23
29040364_146720,Pm_146720,U_29040364,1,1,2.0,2020-07-30 10:41:08
29040364_146721,Pm_146721,U_29040364,1,1,2.0,2020-07-30 10:41:33
29040364_146722,Pm_146722,U_29040364,0,1,0.0,2020-07-30 10:42:44
29040364_146723,Pm_146723,U_29040364,1,1,1.0,2020-07-31 11:50:24
29040364_146724,Pm_146724,U_29040364,1,1,1.0,2020-07-31 11:50:53
29040364_146725,Pm_146725,U_29040364,1,1,2.0,2020-07-31 11:51:19
29040364_146726,Pm_146726,U_29040364,0,1,0.0,2020-07-31 12:11:56
29040364_146727,Pm_146727,U_29040364,1,1,2.0,2020-07-31 12:12:12
29040364_146728,Pm_146728,U_29040364,0,1,0.0,2020-07-31 12:12:31
29040364_146729,Pm_146729,U_29040364,0,1,0.0,2020-07-31 12:13:00
29040364_146730,Pm_146730,U_29040364,1,1,2.0,2020-07-31 12:13:16
29075619_412349,Pm_412349,U_29075619,0,1,0.0,2020-06-14 08:57:13
29075619_412350,Pm_412350,U_29075619,0,1,0.0,2020-06-14 08:57:42
29075619_412351,Pm_412351,U_29075619,0,1,0.0,2020-06-14 08:58:01
29075619_412352,Pm_412352,U_29075619,0,1,0.0,2020-06-14 08:58:10
29075619_412353,Pm_412353,U_29075619,1,1,1.0,2020-06-14 08:58:31
29075619_412355,Pm_412355,U_29075619,1,1,1.0,2020-06-19 15:30:21
29075619_412356,Pm_412356,U_29075619,0,1,0.0,2020-06-19 15:30:32
29075619_412357,Pm_412357,U_29075619,0,1,0.0,2020-06-19 15:30:48
29075619_412358,Pm_412358,U_29075619,1,1,1.0,2020-06-19 15:31:02
29075619_412359,Pm_412359,U_29075619,0,1,0.0,2020-06-19 15:31:10
29075619_412360,Pm_412360,U_29075619,1,1,1.0,2020-06-19 15:31:28
29207061_146659,Pm_146659,U_29207061,1,1,1.0,2020-06-14 00:49:27
29207061_146660,Pm_146660,U_29207061,1,1,1.0,2020-06-14 00:49:36
29207061_146661,Pm_146661,U_29207061,0,1,0.0,2020-06-14 00:49:57
29207061_146662,Pm_146662,U_29207061,1,1,2.0,2020-06-14 00:50:23
29207061_146663,Pm_146663,U_29207061,0,1,0.0,2020-06-14 00:50:30
29207061_146664,Pm_146664,U_29207061,1,1,2.0,2020-06-14 00:50:45
29207061_146665,Pm_146665,U_29207061,1,1,2.0,2020-06-14 00:50:53
29207061_146666,Pm_146666,U_29207061,0,1,0.0,2020-06-14 00:51:58
29207061_146667,Pm_146667,U_29207061,1,1,2.0,2020-06-14 00:52:25
29207061_146668,Pm_146668,U_29207061,0,1,0.0,2020-06-14 00:52:46
29207061_146669,Pm_146669,U_29207061,0,1,0.0,2020-06-14 00:53:03
29207061_146670,Pm_146670,U_29207061,0,1,0.0,2020-06-14 00:53:17
29207061_146671,Pm_146671,U_29207061,0,1,0.0,2020-06-14 00:53:36
29207061_146672,Pm_146672,U_29207061,0,1,0.0,2020-06-14 00:53:52
29207061_146673,Pm_146673,U_29207061,1,1,2.0,2020-06-14 00:54:14
29207061_146674,Pm_146674,U_29207061,1,1,2.0,2020-06-14 00:54:27
29492309_146588,Pm_146588,U_29492309,1,1,1.0,2020-05-04 16:05:23
29492309_146589,Pm_146589,U_29492309,1,1,2.0,2020-05-04 16:05:42
29492309_146590,Pm_146590,U_29492309,1,1,2.0,2020-05-04 16:05:56
29492309_146591,Pm_146591,U_29492309,0,1,0.0,2020-05-04 16:06:15
29492309_146592,Pm_146592,U_29492309,1,1,2.0,2020-05-04 16:06:42
29492309_146593,Pm_146593,U_29492309,0,1,0.0,2020-05-04 16:06:57
29492309_146594,Pm_146594,U_29492309,0,1,0.0,2020-05-04 16:07:21
29492309_146595,Pm_146595,U_29492309,0,1,0.0,2020-05-04 16:07:40
29492309_146596,Pm_146596,U_29492309,1,1,2.0,2020-05-04 16:07:56
29492309_146597,Pm_146597,U_29492309,1,1,2.0,2020-05-04 16:08:12
29492309_146598,Pm_146598,U_29492309,0,1,0.0,2020-05-04 16:08:24
29492309_146599,Pm_146599,U_29492309,1,1,1.0,2020-05-04 16:08:43
29492309_146600,Pm_146600,U_29492309,0,1,0.0,2020-05-04 16:09:04
29492309_146601,Pm_146601,U_29492309,1,1,1.0,2020-05-04 16:09:13
29597139_3055915,Pm_3055915,U_29597139,0,1,0.0,2020-05-30 10:41:51
29597139_3055916,Pm_3055916,U_29597139,0,1,0.0,2020-06-01 08:37:34
29597139_3055917,Pm_3055917,U_29597139,0,1,0.0,2020-06-01 08:38:45
29597139_3056163,Pm_3056163,U_29597139,0,1,0.0,2020-06-01 08:47:15
29597139_3056164,Pm_3056164,U_29597139,0,1,0.0,2020-06-06 08:27:14
29682283_738095,Pm_738095,U_29682283,1,1,1.0,2020-05-13 22:24:35
29682283_738096,Pm_738096,U_29682283,1,1,1.0,2020-05-13 22:24:44
29682283_738097,Pm_738097,U_29682283,0,1,0.0,2020-05-13 22:24:53
29682283_738098,Pm_738098,U_29682283,0,1,0.0,2020-05-13 22:25:10
29785729_738095,Pm_738095,U_29785729,1,1,1.0,2020-07-23 22:00:08
29785729_738096,Pm_738096,U_29785729,1,1,1.0,2020-07-23 22:00:18
29785729_738097,Pm_738097,U_29785729,0,1,0.0,2020-07-23 22:00:31
29785729_738098,Pm_738098,U_29785729,0,1,0.0,2020-07-23 22:00:39
30095273_146588,Pm_146588,U_30095273,1,1,1.0,2020-06-07 08:31:35
30095273_146589,Pm_146589,U_30095273,0,1,0.0,2020-06-07 08:32:40
30095273_146590,Pm_146590,U_30095273,1,1,2.0,2020-06-07 08:33:17
30095273_146591,Pm_146591,U_30095273,0,1,0.0,2020-06-07 08:34:25
30095273_146592,Pm_146592,U_30095273,0,1,0.0,2020-06-07 08:39:13
30095273_146593,Pm_146593,U_30095273,1,1,2.0,2020-06-07 08:42:16
30095273_146594,Pm_146594,U_30095273,0,1,0.0,2020-06-07 08:42:52
30095273_146595,Pm_146595,U_30095273,0,1,0.0,2020-06-07 08:53:01
30095273_146596,Pm_146596,U_30095273,0,1,0.0,2020-06-07 08:56:05
30095273_146597,Pm_146597,U_30095273,1,1,2.0,2020-06-07 09:01:57
30095273_146598,Pm_146598,U_30095273,0,1,0.0,2020-06-07 09:02:27
30095273_146599,Pm_146599,U_30095273,1,1,1.0,2020-06-07 09:05:59
30095273_146600,Pm_146600,U_30095273,1,1,1.0,2020-06-07 09:06:20
30095273_146601,Pm_146601,U_30095273,1,1,1.0,2020-06-07 09:06:29
30095273_146604,Pm_146604,U_30095273,1,1,1.0,2020-06-07 09:07:24
30095273_146605,Pm_146605,U_30095273,1,1,1.0,2020-06-07 09:07:36
30095273_146606,Pm_146606,U_30095273,1,1,1.0,2020-06-07 09:07:56
30095273_146607,Pm_146607,U_30095273,1,1,2.0,2020-06-07 09:08:39
30095273_146608,Pm_146608,U_30095273,1,1,2.0,2020-06-07 09:10:41
30095273_146609,Pm_146609,U_30095273,0,1,0.0,2020-06-07 09:11:29
30095273_146610,Pm_146610,U_30095273,1,1,1.0,2020-06-07 09:23:15
30095273_146611,Pm_146611,U_30095273,1,1,1.0,2020-06-07 09:24:40
30095273_146612,Pm_146612,U_30095273,1,1,1.0,2020-06-07 09:25:20
30095273_146613,Pm_146613,U_30095273,1,1,1.0,2020-06-07 09:26:13
30095273_146614,Pm_146614,U_30095273,1,1,1.0,2020-06-07 09:27:11
30095273_146615,Pm_146615,U_30095273,1,1,2.0,2020-06-07 09:28:03
30095273_146616,Pm_146616,U_30095273,1,1,2.0,2020-06-07 09:28:44
30095273_146617,Pm_146617,U_30095273,1,1,2.0,2020-06-07 09:30:00
30095273_146618,Pm_146618,U_30095273,1,1,2.0,2020-06-07 09:30:50
30095273_146619,Pm_146619,U_30095273,0,1,0.0,2020-06-07 09:36:18
30095273_146620,Pm_146620,U_30095273,0,1,0.0,2020-06-07 09:39:48
30095273_146621,Pm_146621,U_30095273,1,1,1.0,2020-06-07 09:50:55
30095273_146622,Pm_146622,U_30095273,1,1,2.0,2020-06-07 09:56:43
30095273_146623,Pm_146623,U_30095273,0,1,0.0,2020-06-07 09:59:08
30095273_146624,Pm_146624,U_30095273,1,1,2.0,2020-06-07 10:00:42
30095273_146625,Pm_146625,U_30095273,0,1,0.0,2020-06-07 10:19:18
30095273_146626,Pm_146626,U_30095273,0,1,0.0,2020-06-07 10:33:49
30095273_146627,Pm_146627,U_30095273,0,1,0.0,2020-06-07 10:42:46
30095273_146628,Pm_146628,U_30095273,1,1,2.0,2020-06-07 10:44:54
30095273_146630,Pm_146630,U_30095273,1,1,2.0,2020-06-07 10:50:02
30095273_146631,Pm_146631,U_30095273,1,1,1.0,2020-06-07 10:50:47
30095273_146632,Pm_146632,U_30095273,0,1,0.0,2020-06-07 10:51:28
30095273_146633,Pm_146633,U_30095273,0,1,0.0,2020-06-07 10:58:06
30095273_146634,Pm_146634,U_30095273,1,1,2.0,2020-06-07 11:04:52
30095273_146635,Pm_146635,U_30095273,1,1,2.0,2020-06-07 11:18:56
30095273_146636,Pm_146636,U_30095273,1,1,1.0,2020-06-07 11:19:32
30095273_146637,Pm_146637,U_30095273,0,1,0.0,2020-06-07 11:20:10
30095273_146638,Pm_146638,U_30095273,0,1,0.0,2020-06-07 11:23:01
30095273_146639,Pm_146639,U_30095273,0,1,0.0,2020-06-07 11:26:21
30095273_146640,Pm_146640,U_30095273,1,1,1.0,2020-06-07 16:33:57
30095273_146641,Pm_146641,U_30095273,1,1,1.0,2020-06-07 16:35:44
30095273_146642,Pm_146642,U_30095273,0,1,0.0,2020-06-07 16:37:32
30095273_146643,Pm_146643,U_30095273,1,1,2.0,2020-06-07 16:55:43
30095273_146644,Pm_146644,U_30095273,1,1,2.0,2020-06-07 16:59:08
30095273_146645,Pm_146645,U_30095273,1,1,2.0,2020-06-07 16:59:47
30095273_146646,Pm_146646,U_30095273,0,1,0.0,2020-06-07 17:01:17
30095273_146647,Pm_146647,U_30095273,0,1,0.0,2020-06-07 17:04:53
30095273_146648,Pm_146648,U_30095273,0,1,0.0,2020-06-07 17:07:16
30095273_146650,Pm_146650,U_30095273,1,1,1.0,2020-06-07 17:29:15
30095273_146651,Pm_146651,U_30095273,1,1,1.0,2020-06-07 17:29:35
30095273_146652,Pm_146652,U_30095273,0,1,0.0,2020-06-07 17:30:41
30095273_146653,Pm_146653,U_30095273,0,1,0.0,2020-06-07 17:32:18
30095273_146654,Pm_146654,U_30095273,0,1,0.0,2020-06-07 17:38:59
30095273_146655,Pm_146655,U_30095273,0,1,0.0,2020-06-07 17:42:02
30095273_146656,Pm_146656,U_30095273,0,1,0.0,2020-06-07 17:43:41
30095273_146657,Pm_146657,U_30095273,1,1,1.0,2020-06-07 17:45:33
30095273_146659,Pm_146659,U_30095273,1,1,1.0,2020-06-07 19:41:12
30095273_146660,Pm_146660,U_30095273,1,1,1.0,2020-06-07 19:41:24
30095273_146661,Pm_146661,U_30095273,0,1,0.0,2020-06-07 19:42:07
30095273_146662,Pm_146662,U_30095273,1,1,2.0,2020-06-07 19:53:24
30095273_146663,Pm_146663,U_30095273,1,1,2.0,2020-06-07 19:54:22
30095273_146664,Pm_146664,U_30095273,0,1,0.0,2020-06-07 19:55:14
30095273_146665,Pm_146665,U_30095273,0,1,0.0,2020-06-07 19:58:28
30095273_146666,Pm_146666,U_30095273,0,1,0.0,2020-06-07 20:04:23
30095273_146667,Pm_146667,U_30095273,1,1,2.0,2020-06-07 20:06:47
30095273_146668,Pm_146668,U_30095273,0,1,0.0,2020-06-07 20:08:53
30095273_146669,Pm_146669,U_30095273,1,1,2.0,2020-06-07 20:09:59
30095273_146670,Pm_146670,U_30095273,1,1,2.0,2020-06-07 20:11:15
30095273_146671,Pm_146671,U_30095273,1,1,2.0,2020-06-07 20:12:08
30095273_146672,Pm_146672,U_30095273,1,1,2.0,2020-06-07 20:12:52
30095273_146673,Pm_146673,U_30095273,1,1,2.0,2020-06-07 20:13:52
30095273_146674,Pm_146674,U_30095273,0,1,0.0,2020-06-07 20:20:07
30095273_146676,Pm_146676,U_30095273,1,1,1.0,2020-06-07 21:07:34
30095273_146677,Pm_146677,U_30095273,0,1,0.0,2020-06-07 21:08:06
30095273_146678,Pm_146678,U_30095273,1,1,1.0,2020-06-07 21:10:22
30095273_146679,Pm_146679,U_30095273,1,1,1.0,2020-06-07 21:11:17
30095273_146680,Pm_146680,U_30095273,1,1,1.0,2020-06-07 21:12:09
30095273_146681,Pm_146681,U_30095273,1,1,2.0,2020-06-07 21:12:40
30095273_146682,Pm_146682,U_30095273,0,1,0.0,2020-06-07 21:14:01
30095273_146683,Pm_146683,U_30095273,1,1,2.0,2020-06-07 21:14:56
30095273_146684,Pm_146684,U_30095273,0,1,0.0,2020-06-07 21:15:56
30095273_146685,Pm_146685,U_30095273,1,1,2.0,2020-06-07 21:21:06
30095273_146686,Pm_146686,U_30095273,1,1,2.0,2020-06-07 21:21:59
30095273_146687,Pm_146687,U_30095273,1,1,1.0,2020-06-07 21:22:25
30095273_146689,Pm_146689,U_30095273,1,1,1.0,2020-06-07 21:37:19
30095273_146690,Pm_146690,U_30095273,1,1,1.0,2020-06-07 21:37:33
30095273_146691,Pm_146691,U_30095273,1,1,1.0,2020-06-07 21:38:08
30095273_146692,Pm_146692,U_30095273,0,1,0.0,2020-06-07 21:38:28
30095273_146693,Pm_146693,U_30095273,1,1,1.0,2020-06-07 21:39:55
30095273_146694,Pm_146694,U_30095273,1,1,1.0,2020-06-07 21:40:04
30095273_146695,Pm_146695,U_30095273,1,1,2.0,2020-06-07 21:40:49
30095273_146696,Pm_146696,U_30095273,0,1,0.0,2020-06-07 21:41:25
30095273_146697,Pm_146697,U_30095273,0,1,0.0,2020-06-07 21:46:34
30095273_146698,Pm_146698,U_30095273,1,1,2.0,2020-06-07 21:47:28
30095273_146699,Pm_146699,U_30095273,1,1,2.0,2020-06-07 21:48:07
30095273_146700,Pm_146700,U_30095273,1,1,1.0,2020-06-07 22:36:17
30095273_146701,Pm_146701,U_30095273,1,1,1.0,2020-06-07 22:36:30
30095273_146702,Pm_146702,U_30095273,1,1,2.0,2020-06-07 22:37:14
30095273_146703,Pm_146703,U_30095273,1,1,2.0,2020-06-07 22:38:05
30095273_146704,Pm_146704,U_30095273,1,1,2.0,2020-06-07 22:39:03
30095273_146705,Pm_146705,U_30095273,1,1,2.0,2020-06-07 22:43:36
30095273_146706,Pm_146706,U_30095273,0,1,0.0,2020-06-07 22:45:03
30095273_146707,Pm_146707,U_30095273,1,1,2.0,2020-06-07 22:49:57
30095273_146708,Pm_146708,U_30095273,0,1,0.0,2020-06-07 22:50:48
30095273_146709,Pm_146709,U_30095273,1,1,1.0,2020-06-07 22:58:18
30095273_146710,Pm_146710,U_30095273,1,1,2.0,2020-06-07 22:58:52
30095273_146711,Pm_146711,U_30095273,1,1,2.0,2020-06-07 22:59:30
30095273_146712,Pm_146712,U_30095273,1,1,1.0,2020-06-07 23:00:11
30095273_146713,Pm_146713,U_30095273,1,1,1.0,2020-06-07 23:31:04
30095273_146714,Pm_146714,U_30095273,1,1,1.0,2020-06-07 23:31:29
30095273_146715,Pm_146715,U_30095273,1,1,1.0,2020-06-07 23:31:41
30095273_146716,Pm_146716,U_30095273,1,1,1.0,2020-06-07 23:32:12
30095273_146717,Pm_146717,U_30095273,1,1,1.0,2020-06-07 23:32:41
30095273_146718,Pm_146718,U_30095273,1,1,2.0,2020-06-07 23:33:24
30095273_146719,Pm_146719,U_30095273,0,1,0.0,2020-06-07 23:35:06
30095273_146720,Pm_146720,U_30095273,1,1,2.0,2020-06-07 23:40:27
30095273_146721,Pm_146721,U_30095273,0,1,0.0,2020-06-07 23:42:25
30095273_146722,Pm_146722,U_30095273,1,1,2.0,2020-06-07 23:43:07
30095273_146723,Pm_146723,U_30095273,0,1,0.0,2020-06-08 06:18:46
30095273_146724,Pm_146724,U_30095273,0,1,0.0,2020-06-08 06:19:31
30095273_146725,Pm_146725,U_30095273,1,1,2.0,2020-06-08 06:20:22
30095273_146726,Pm_146726,U_30095273,0,1,0.0,2020-06-08 06:21:20
30095273_146727,Pm_146727,U_30095273,1,1,2.0,2020-06-08 06:22:20
30095273_146728,Pm_146728,U_30095273,1,1,2.0,2020-06-08 06:23:24
30095273_146729,Pm_146729,U_30095273,0,1,0.0,2020-06-08 06:24:29
30095273_146730,Pm_146730,U_30095273,0,1,0.0,2020-06-08 06:28:34
3025594_738095,Pm_738095,U_3025594,0,1,0.0,2020-08-21 16:07:47
3025594_738096,Pm_738096,U_3025594,1,1,1.0,2020-08-21 16:07:53
3025594_738097,Pm_738097,U_3025594,0,1,0.0,2020-08-21 16:08:04
3025594_738098,Pm_738098,U_3025594,0,1,0.0,2020-08-21 16:08:12
30433449_146588,Pm_146588,U_30433449,1,1,1.0,2020-06-10 15:24:34
30433449_146589,Pm_146589,U_30433449,0,1,0.0,2020-06-10 15:24:46
30433449_146590,Pm_146590,U_30433449,1,1,2.0,2020-06-10 15:25:04
30433449_146591,Pm_146591,U_30433449,0,1,0.0,2020-06-10 15:25:20
30433449_146592,Pm_146592,U_30433449,0,1,0.0,2020-06-10 15:25:38
30433449_146593,Pm_146593,U_30433449,1,1,2.0,2020-06-10 15:25:57
30433449_146594,Pm_146594,U_30433449,0,1,0.0,2020-06-10 15:26:23
30433449_146595,Pm_146595,U_30433449,0,1,0.0,2020-06-10 15:26:35
30433449_146596,Pm_146596,U_30433449,0,1,0.0,2020-06-10 15:26:44
30433449_146597,Pm_146597,U_30433449,0,1,0.0,2020-06-10 15:27:07
30433449_146598,Pm_146598,U_30433449,1,1,2.0,2020-06-10 15:27:20
30433449_146599,Pm_146599,U_30433449,1,1,1.0,2020-06-10 15:27:30
30433449_146600,Pm_146600,U_30433449,0,1,0.0,2020-06-10 15:28:00
30433449_146601,Pm_146601,U_30433449,0,1,0.0,2020-06-10 15:28:09
30487362_189414,Pm_189414,U_30487362,1,1,1.0,2020-08-20 20:46:08
30487362_189415,Pm_189415,U_30487362,1,1,1.0,2020-08-20 20:47:56
30487362_189416,Pm_189416,U_30487362,1,1,1.0,2020-08-20 20:48:32
30487362_189417,Pm_189417,U_30487362,0,1,0.0,2020-08-20 20:51:31
30487362_189418,Pm_189418,U_30487362,0,1,0.0,2020-08-20 21:33:25
30487362_189419,Pm_189419,U_30487362,1,1,1.0,2020-08-20 21:33:49
30487362_189420,Pm_189420,U_30487362,1,1,1.0,2020-08-20 21:34:04
30487362_189421,Pm_189421,U_30487362,0,1,0.0,2020-08-20 21:34:21
30487362_189422,Pm_189422,U_30487362,1,1,1.0,2020-08-20 21:34:35
30487362_189423,Pm_189423,U_30487362,1,1,1.0,2020-08-20 21:41:23
30487362_189424,Pm_189424,U_30487362,1,1,1.0,2020-08-20 21:41:37
30487362_189425,Pm_189425,U_30487362,1,1,1.0,2020-08-20 21:41:47
30487362_189426,Pm_189426,U_30487362,1,1,1.0,2020-08-20 21:41:54
30487362_189427,Pm_189427,U_30487362,1,1,1.0,2020-08-20 21:58:48
30487362_189428,Pm_189428,U_30487362,1,1,1.0,2020-08-20 21:59:24
30487362_189429,Pm_189429,U_30487362,1,1,1.0,2020-08-20 22:00:14
30682381_284994,Pm_284994,U_30682381,0,1,0.0,2020-06-26 17:07:11
30682381_284995,Pm_284995,U_30682381,1,1,1.0,2020-06-26 17:07:29
30682381_284996,Pm_284996,U_30682381,1,1,1.0,2020-06-26 17:07:40
30682381_284997,Pm_284997,U_30682381,1,1,2.0,2020-06-26 17:08:16
30682381_284998,Pm_284998,U_30682381,1,1,2.0,2020-06-26 17:09:27
30682381_284999,Pm_284999,U_30682381,0,1,0.0,2020-06-26 17:09:57
30682381_285000,Pm_285000,U_30682381,0,1,0.0,2020-06-26 17:10:58
30682381_285001,Pm_285001,U_30682381,1,1,2.0,2020-06-26 17:11:08
30682381_285002,Pm_285002,U_30682381,1,1,1.0,2020-06-26 17:11:32
30682381_285003,Pm_285003,U_30682381,1,1,1.0,2020-06-26 17:12:06
30682381_285004,Pm_285004,U_30682381,0,1,0.0,2020-06-26 17:12:34
30682381_285005,Pm_285005,U_30682381,1,1,1.0,2020-06-26 17:13:13
30682381_285006,Pm_285006,U_30682381,1,1,1.0,2020-06-26 17:13:31
30682381_285007,Pm_285007,U_30682381,1,1,2.0,2020-06-28 10:16:38
30682381_285008,Pm_285008,U_30682381,0,1,0.0,2020-06-28 10:16:53
30682381_285009,Pm_285009,U_30682381,1,1,1.0,2020-06-28 10:17:02
30682381_285010,Pm_285010,U_30682381,1,1,1.0,2020-06-28 10:17:21
30682381_285011,Pm_285011,U_30682381,1,1,1.0,2020-06-28 10:17:30
30682381_285012,Pm_285012,U_30682381,0,1,0.0,2020-06-28 10:26:03
30682381_285013,Pm_285013,U_30682381,1,1,1.0,2020-06-28 10:26:14
30682381_285014,Pm_285014,U_30682381,1,1,1.0,2020-06-28 10:26:26
30826206_146588,Pm_146588,U_30826206,1,1,1.0,2020-07-04 16:41:47
30826206_146589,Pm_146589,U_30826206,1,1,2.0,2020-07-04 16:42:05
30826206_146590,Pm_146590,U_30826206,0,1,0.0,2020-07-04 16:42:29
30826206_146591,Pm_146591,U_30826206,0,1,0.0,2020-07-04 16:42:49
30826206_146592,Pm_146592,U_30826206,1,1,2.0,2020-07-04 16:43:24
30826206_146593,Pm_146593,U_30826206,1,1,2.0,2020-07-04 16:43:37
31067467_976056,Pm_976056,U_31067467,0,1,0.0,2020-08-03 18:50:14
31067467_976057,Pm_976057,U_31067467,1,1,1.0,2020-08-03 20:04:21
31067467_976058,Pm_976058,U_31067467,1,1,2.0,2020-08-03 20:04:48
31067467_976059,Pm_976059,U_31067467,0,1,0.0,2020-08-03 20:05:16
31067467_976060,Pm_976060,U_31067467,1,1,1.0,2020-08-03 20:07:25
31067467_976061,Pm_976061,U_31067467,0,1,0.0,2020-08-03 20:08:17
31067467_976062,Pm_976062,U_31067467,1,1,1.0,2020-08-03 20:13:57
31067467_976063,Pm_976063,U_31067467,0,1,0.0,2020-08-03 20:21:31
31067467_976064,Pm_976064,U_31067467,0,1,0.0,2020-08-03 20:22:22
31067467_976065,Pm_976065,U_31067467,0,1,0.0,2020-08-04 01:12:49
31067467_976066,Pm_976066,U_31067467,0,1,0.0,2020-08-04 01:13:47
31067467_976067,Pm_976067,U_31067467,1,1,1.0,2020-08-04 01:14:47
31067467_976068,Pm_976068,U_31067467,1,1,1.0,2020-08-04 01:17:57
31067467_976069,Pm_976069,U_31067467,0,1,0.0,2020-08-04 01:19:14
31232166_189414,Pm_189414,U_31232166,0,1,0.0,2020-08-27 16:44:54
31232166_189415,Pm_189415,U_31232166,1,1,1.0,2020-08-27 16:45:43
31232166_189416,Pm_189416,U_31232166,1,1,1.0,2020-08-27 16:45:59
31232166_189417,Pm_189417,U_31232166,0,1,0.0,2020-08-27 16:50:40
31232166_189418,Pm_189418,U_31232166,0,1,0.0,2020-08-27 16:54:53
31232166_189419,Pm_189419,U_31232166,1,1,1.0,2020-08-27 16:55:14
31232166_189420,Pm_189420,U_31232166,1,1,1.0,2020-08-27 16:55:35
31232166_189421,Pm_189421,U_31232166,1,1,1.0,2020-08-27 16:56:13
31232166_189422,Pm_189422,U_31232166,0,1,0.0,2020-08-27 16:56:58
31232166_189423,Pm_189423,U_31232166,1,1,1.0,2020-08-27 16:59:40
31232166_189424,Pm_189424,U_31232166,1,1,1.0,2020-08-27 16:59:57
31232166_189425,Pm_189425,U_31232166,0,1,0.0,2020-08-27 17:01:22
31232166_189426,Pm_189426,U_31232166,1,1,1.0,2020-08-27 17:01:42
31232166_189505,Pm_189505,U_31232166,1,1,1.0,2020-08-27 17:08:33
31232166_189506,Pm_189506,U_31232166,1,1,1.0,2020-08-27 17:08:55
31232166_189507,Pm_189507,U_31232166,1,1,1.0,2020-08-27 17:09:09
31232166_189508,Pm_189508,U_31232166,1,1,1.0,2020-08-27 17:09:28
31232166_189509,Pm_189509,U_31232166,0,1,0.0,2020-08-27 17:10:09
414081_146588,Pm_146588,U_414081,1,1,1.0,2020-07-14 13:53:42
414081_146589,Pm_146589,U_414081,1,1,2.0,2020-07-14 13:54:01
414081_146590,Pm_146590,U_414081,1,1,2.0,2020-07-14 13:54:12
414081_146591,Pm_146591,U_414081,0,1,0.0,2020-07-14 13:54:32
414081_146592,Pm_146592,U_414081,1,1,2.0,2020-07-14 13:54:40
414081_146593,Pm_146593,U_414081,0,1,0.0,2020-07-14 13:54:54
414081_146594,Pm_146594,U_414081,1,1,2.0,2020-07-14 13:55:16
414081_146595,Pm_146595,U_414081,0,1,0.0,2020-07-14 13:55:31
414081_146596,Pm_146596,U_414081,1,1,2.0,2020-07-14 13:55:43
414081_146597,Pm_146597,U_414081,1,1,2.0,2020-07-14 13:55:57
414081_146598,Pm_146598,U_414081,0,1,0.0,2020-07-14 13:56:07
414081_146599,Pm_146599,U_414081,1,1,1.0,2020-07-14 13:56:23
414081_146600,Pm_146600,U_414081,1,1,1.0,2020-07-14 13:56:32
414081_146601,Pm_146601,U_414081,1,1,1.0,2020-07-14 13:56:38
414081_146604,Pm_146604,U_414081,1,1,1.0,2020-07-14 15:31:28
414081_146605,Pm_146605,U_414081,1,1,1.0,2020-07-14 15:32:58
414081_146606,Pm_146606,U_414081,1,1,1.0,2020-07-14 15:33:08
414081_146607,Pm_146607,U_414081,1,1,2.0,2020-07-14 15:33:30
414081_146608,Pm_146608,U_414081,1,1,2.0,2020-07-14 15:34:02
414081_146609,Pm_146609,U_414081,0,1,0.0,2020-07-14 15:34:25
414081_146610,Pm_146610,U_414081,0,1,0.0,2020-07-14 15:35:09
414081_146611,Pm_146611,U_414081,1,1,1.0,2020-07-14 15:36:13
414081_146612,Pm_146612,U_414081,1,1,1.0,2020-07-14 15:36:27
414081_146613,Pm_146613,U_414081,1,1,1.0,2020-07-14 15:36:46
414081_146614,Pm_146614,U_414081,1,1,1.0,2020-07-14 15:37:03
414081_146615,Pm_146615,U_414081,1,1,2.0,2020-07-14 15:38:10
414081_146616,Pm_146616,U_414081,1,1,2.0,2020-07-14 15:38:23
414081_146617,Pm_146617,U_414081,0,1,0.0,2020-07-14 15:38:52
414081_146618,Pm_146618,U_414081,1,1,2.0,2020-07-14 15:39:16
414081_146619,Pm_146619,U_414081,0,1,0.0,2020-07-14 15:40:48
414081_146620,Pm_146620,U_414081,0,1,0.0,2020-07-14 15:42:05
414081_146621,Pm_146621,U_414081,0,1,0.0,2020-07-14 15:42:36
414081_146622,Pm_146622,U_414081,1,1,2.0,2020-07-14 15:42:50
414081_146623,Pm_146623,U_414081,0,1,0.0,2020-07-14 15:43:42
414081_146624,Pm_146624,U_414081,1,1,2.0,2020-07-14 15:44:01
414081_146625,Pm_146625,U_414081,0,1,0.0,2020-07-14 15:44:28
414081_146626,Pm_146626,U_414081,0,1,0.0,2020-07-14 15:44:33
414081_146627,Pm_146627,U_414081,1,1,2.0,2020-07-14 15:44:52
414081_146628,Pm_146628,U_414081,0,1,0.0,2020-07-14 15:45:30
414081_146630,Pm_146630,U_414081,0,1,0.0,2020-07-14 15:45:41
414081_146631,Pm_146631,U_414081,1,1,1.0,2020-07-14 15:46:51
414081_146632,Pm_146632,U_414081,1,1,1.0,2020-07-14 15:47:16
414081_146633,Pm_146633,U_414081,1,1,2.0,2020-07-14 15:47:30
414081_146634,Pm_146634,U_414081,0,1,0.0,2020-07-14 15:48:28
414081_146635,Pm_146635,U_414081,1,1,2.0,2020-07-14 15:48:59
414081_146636,Pm_146636,U_414081,1,1,1.0,2020-07-14 15:49:05
414081_146637,Pm_146637,U_414081,0,1,0.0,2020-07-14 15:49:20
414081_146638,Pm_146638,U_414081,0,1,0.0,2020-07-14 15:49:36
414081_146639,Pm_146639,U_414081,0,1,0.0,2020-07-14 15:49:56
5220302_102052,Pm_102052,U_5220302,0,1,0.0,2020-05-15 19:40:43
5220302_102053,Pm_102053,U_5220302,1,1,1.0,2020-05-23 23:38:19
5220302_102054,Pm_102054,U_5220302,0,1,0.0,2020-05-23 23:38:56
5220302_102055,Pm_102055,U_5220302,0,1,0.0,2020-05-23 23:39:18
5220302_102056,Pm_102056,U_5220302,1,1,1.0,2020-05-23 23:41:11
5220302_102057,Pm_102057,U_5220302,0,1,0.0,2020-05-23 23:41:27
5220302_102059,Pm_102059,U_5220302,1,1,1.0,2020-07-13 22:46:33
5220302_102060,Pm_102060,U_5220302,0,1,0.0,2020-07-13 22:46:38
5220302_102061,Pm_102061,U_5220302,0,1,0.0,2020-07-13 22:46:43
5220302_102062,Pm_102062,U_5220302,0,1,0.0,2020-07-13 22:46:57
5220302_102063,Pm_102063,U_5220302,0,1,0.0,2020-07-13 22:47:22
5220302_102064,Pm_102064,U_5220302,0,1,0.0,2020-08-12 18:20:49
5220302_102065,Pm_102065,U_5220302,0,1,0.0,2020-08-12 18:24:28
5220302_102066,Pm_102066,U_5220302,1,1,1.0,2020-08-12 18:25:58
5220302_102067,Pm_102067,U_5220302,1,1,1.0,2020-08-12 18:27:04
5220302_102068,Pm_102068,U_5220302,0,1,0.0,2020-08-12 19:54:44
5220302_102069,Pm_102069,U_5220302,1,1,1.0,2020-08-12 19:56:35
5220302_102070,Pm_102070,U_5220302,1,1,1.0,2020-08-12 20:01:11
5220302_102071,Pm_102071,U_5220302,0,1,0.0,2020-08-12 20:01:28
5220302_1248810,Pm_1248810,U_5220302,0,1,0.0,2020-08-12 20:29:41
5220302_1248811,Pm_1248811,U_5220302,1,1,1.0,2020-08-12 20:49:48
5220302_1248812,Pm_1248812,U_5220302,0,1,0.0,2020-08-12 20:49:58
5220302_1248813,Pm_1248813,U_5220302,1,1,1.0,2020-08-12 20:50:29
5220302_1248814,Pm_1248814,U_5220302,0,1,0.0,2020-08-12 22:37:11
5220302_1248815,Pm_1248815,U_5220302,0,1,0.0,2020-08-12 22:47:15
5220302_1248816,Pm_1248816,U_5220302,0,1,0.0,2020-08-12 22:55:44
5220302_1248817,Pm_1248817,U_5220302,0,1,0.0,2020-08-12 22:57:41
5220302_1249294,Pm_1249294,U_5220302,0,1,0.0,2020-08-15 23:37:10
5220302_1249295,Pm_1249295,U_5220302,0,1,0.0,2020-08-15 23:37:34
5220302_1249296,Pm_1249296,U_5220302,0,1,0.0,2020-08-16 00:37:31
5220302_1249297,Pm_1249297,U_5220302,1,1,1.0,2020-08-16 00:38:14
5220302_695203,Pm_695203,U_5220302,1,1,1.0,2020-08-12 17:23:50
5220302_695204,Pm_695204,U_5220302,1,1,1.0,2020-08-12 17:23:45
6646564_189414,Pm_189414,U_6646564,0,1,,2020-09-27 09:37:40
6646564_189415,Pm_189415,U_6646564,1,1,,2020-09-27 09:38:29
6646564_189416,Pm_189416,U_6646564,1,1,,2020-09-27 09:38:59
6646564_189417,Pm_189417,U_6646564,1,1,,2020-09-27 09:39:53
